 UNID ; NOME_UNIDADE ; LINHA_PRODUCAO ; DESCR_LINHA_PRODUCAO ; TURNO ; DATA ; CÓD. ITEM ; DESCR. ITEM ; CÓD. GRUPO DE RECURSO ; GRUPO RECURSO ; CÓD. PARADA ; DESCR. PARADA ; NRO ; CÓD. RECURSO ; DESCR. RECURSO ; HORARIO INICIAL ; HORARIO FINAL ; DIF. HORA ; CAPACIDADE ; MOTIVO ; AÇÃO ;
92;FRIG. AURORA CASTRO;1;ABATE;A;05/01/2026;;;2;NÃO PROGRAMADA;P46;MANUTENÇÃO MECÂNICA;;1;NORIA ABATE;09:51;09:55;  0,06666667;                 36,667;S.s-98818-enroscou uma carretilha na chave de desvio do Pcc2 ;Acionado manutenção para ajustes 
92;FRIG. AURORA CASTRO;1;ABATE;A;07/01/2026;;;2;NÃO PROGRAMADA;P45;MANUTENÇÃO ELÉTRICA;;1;NORIA ABATE;11:21;11:22;  0,01666667;                  9,167;S.s-99381- falha na corda de emergência da nórea de bandejas;Acionado manutenção para ajustes 
92;FRIG. AURORA CASTRO;1;ABATE;A;07/01/2026;;;2;NÃO PROGRAMADA;P46;MANUTENÇÃO MECÂNICA;;1;NORIA ABATE;13:30;13:32;  0,03333333;                 18,333;Ss-99489- Carretilha enrroscou na chave do trilho 5 câmara 3;Acionado a manutenção para ajustes 
92;FRIG. AURORA CASTRO;1;ABATE;A;12/01/2026;;;2;NÃO PROGRAMADA;P46;MANUTENÇÃO MECÂNICA;;1;NORIA ABATE;07:40;07:41;  0,01666667;                  9,167;Ss-10063-Serra do robô parou de funcionar ;Acionado a manutenção para ajustes 
92;FRIG. AURORA CASTRO;1;ABATE;A;12/01/2026;;;2;NÃO PROGRAMADA;P45;MANUTENÇÃO ELÉTRICA;;1;NORIA ABATE;07:55;07:57;  0,03333333;                 18,333;Ss- 10064- Falha no sensor da porta de entrada da camara 1;Acionado a manutenção para ajustes 
92;FRIG. AURORA CASTRO;1;ABATE;A;12/01/2026;;;2;NÃO PROGRAMADA;P45;MANUTENÇÃO ELÉTRICA;;1;NORIA ABATE;09:47;09:51;  0,06666667;                 36,667;Ss-100088-Falha no sensor do trilho 5 câmara 9;Acionado manutenção para ajustes 
92;FRIG. AURORA CASTRO;1;ABATE;A;12/01/2026;;;2;NÃO PROGRAMADA;P46;MANUTENÇÃO MECÂNICA;;1;NORIA ABATE;12:25;12:27;  0,03333333;                 18,333;Ss-1000108-Arrumar as trimmers do toalete de carcaças área suja ;Acionado a manutenção 
92;FRIG. AURORA CASTRO;1;ABATE;A;12/01/2026;;;2;NÃO PROGRAMADA;P46;MANUTENÇÃO MECÂNICA;;1;NORIA ABATE;15:19;15:21;  0,03333333;                 18,333;Ss-1000141- Pistola do reto com gatilho frouxo ;Acionado manutenção para ajustes 
92;FRIG. AURORA CASTRO;1;ABATE;A;13/01/2026;;;2;NÃO PROGRAMADA;P46;MANUTENÇÃO MECÂNICA;;1;NORIA ABATE;15:15;15:18;  0,05000000;                 27,500;Ss-100359- Enrroscou carretilha na chave do pcc2 ;Acionado manutenção para ajustes 
92;FRIG. AURORA CASTRO;1;ABATE;A;14/01/2026;;;2;NÃO PROGRAMADA;P45;MANUTENÇÃO ELÉTRICA;;1;NORIA ABATE;10:15;10:18;  0,05000000;                 27,500;Ss-100480-Falha no sensor do trilho 2 câmara 6;Acionado manutenção 
92;FRIG. AURORA CASTRO;1;ABATE;A;15/01/2026;;;2;NÃO PROGRAMADA;P46;MANUTENÇÃO MECÂNICA;;1;NORIA ABATE;10:32;10:34;  0,03333333;                 18,333;S.s-100771-falha no braço da serra robô eixo yb;Acionado manutenção para ajustes 
92;FRIG. AURORA CASTRO;1;ABATE;A;15/01/2026;;;2;NÃO PROGRAMADA;P46;MANUTENÇÃO MECÂNICA;;1;NORIA ABATE;13:00;13:03;  0,05000000;                 27,500;Ss-100788- Tesoura da desnuca falhando no acionar para o corte ;Acionado a manutenção 
92;FRIG. AURORA CASTRO;1;ABATE;A;15/01/2026;;;2;NÃO PROGRAMADA;P46;MANUTENÇÃO MECÂNICA;;1;NORIA ABATE;13:28;13:29;  0,01666667;                  9,167;Ss-100787-Troca de conector quebrado da pistola do reto ;Acionado manutenção para ajustes 
92;FRIG. AURORA CASTRO;1;ABATE;A;15/01/2026;;;2;NÃO PROGRAMADA;P45;MANUTENÇÃO ELÉTRICA;;1;NORIA ABATE;14:14;14:16;  0,03333333;                 18,333;Ss-100790- Falha no sensor de entrada trilho 6 câmara 2;Acionado a manutenção 
92;FRIG. AURORA CASTRO;1;ABATE;A;15/01/2026;;;2;NÃO PROGRAMADA;P45;MANUTENÇÃO ELÉTRICA;;1;NORIA ABATE;15:04;15:07;  0,05000000;                 27,500;Ss- 100806- Falha no sensor do trilho 1 câmara 6;Acionado a manutenção 
92;FRIG. AURORA CASTRO;9;EMBALAGEM SECUND.FRIGORIFICO;A;07/01/2026;;;2;NÃO PROGRAMADA;P10;AUTOMAÇÃO;;1;TÚNEL CONTÍNUO;08:15;08:25;  0,16666667;                151,333;Motores de ntrada entraram em modo manual, OS 99306 ;Chamada manutenção 
92;FRIG. AURORA CASTRO;9;EMBALAGEM SECUND.FRIGORIFICO;A;09/01/2026;;;2;NÃO PROGRAMADA;P45;MANUTENÇÃO ELÉTRICA;;1;TÚNEL CONTÍNUO;08:30;08:45;  0,25000000;                227,000;Caiu disjuntor elétrico desligou ventilação e operador túnel gea.99857;Manutenção atuou para retorno para o funcionamento 
92;FRIG. AURORA CASTRO;9;EMBALAGEM SECUND.FRIGORIFICO;A;12/01/2026;;;2;NÃO PROGRAMADA;P46;MANUTENÇÃO MECÂNICA;;1;TÚNEL CONTÍNUO;05:05;06:05;  1,00000000;                908,000;Esteira de saída arrebentou SS 100036.;Operadores e manutenção ajustando.
92;FRIG. AURORA CASTRO;9;EMBALAGEM SECUND.FRIGORIFICO;A;12/01/2026;;;2;NÃO PROGRAMADA;P46;MANUTENÇÃO MECÂNICA;;1;TÚNEL CONTÍNUO;06:05;07:05;  1,00000000;                908,000;Esteira de saída túnel arrebentou SS 100036.;Operadores e manutenção ajustando.
92;FRIG. AURORA CASTRO;9;EMBALAGEM SECUND.FRIGORIFICO;A;12/01/2026;;;2;NÃO PROGRAMADA;P46;MANUTENÇÃO MECÂNICA;;1;TÚNEL CONTÍNUO;07:05;08:05;  1,00000000;                908,000;Esteira saída do túnel arrebentou Ss 100036.;Operadores e manutenção ajustando.
92;FRIG. AURORA CASTRO;9;EMBALAGEM SECUND.FRIGORIFICO;A;12/01/2026;;;2;NÃO PROGRAMADA;P46;MANUTENÇÃO MECÂNICA;;1;TÚNEL CONTÍNUO;08:05;09:00;  0,91666667;                832,333;SS 100036 esteira de saída túnel arrebentou.;Operadores e manutenção ajustando.
92;FRIG. AURORA CASTRO;9;EMBALAGEM SECUND.FRIGORIFICO;A;12/01/2026;;;2;NÃO PROGRAMADA;P46;MANUTENÇÃO MECÂNICA;;1;TÚNEL CONTÍNUO;13:06;13:25;  0,31666667;                287,533;Ajuste de esteira retirada de módulo. SS100102.;Manutenção atendendo no local.
92;FRIG. AURORA CASTRO;14;DEFUMADOS;A;09/01/2026;14564;SUINO PERNIL INJECAO PARA 16675;2;NÃO PROGRAMADA;P46;MANUTENÇÃO MECÂNICA;;1;INJETORA DE BACON;05:40;05:48;  0,13333333;                360,533;99810 - ESTEIRA DE TRANSPORTE DE BACON QUEBRADA;ABERTO S.S 99810 E COMUNICADO A MANUTENÇÃO
92;FRIG. AURORA CASTRO;20;FATIADOS/PORCIONADOS;A;08/01/2026;14627;SUINO BARRIGA SEM PELE DEFUMADA PARA 348;2;NÃO PROGRAMADA;P46;MANUTENÇÃO MECÂNICA;;7;FATIADORA DE BACON;05:53;08:47;  2,90000000;                625,501;OS 99591 FACÃO CORTANDO AS PEÇAS FORA DE PADRÃO;MANUTENÇÃO REALIZANDO AJUSTES
92;FRIG. AURORA CASTRO;20;FATIADOS/PORCIONADOS;A;08/01/2026;14627;SUINO BARRIGA SEM PELE DEFUMADA PARA 348;2;NÃO PROGRAMADA;P46;MANUTENÇÃO MECÂNICA;;7;FATIADORA DE BACON;10:30;11:10;  0,66666667;                143,793;OS 99591 FACÃO CORTANDO AS PEÇAS FORA DE PADRÃO;MANUTENÇÃO AVALIANDO QUE FAZER COM EQUIPAMENTO
92;FRIG. AURORA CASTRO;20;FATIADOS/PORCIONADOS;A;14/01/2026;14627;SUINO BARRIGA SEM PELE DEFUMADA PARA 348;2;NÃO PROGRAMADA;P46;MANUTENÇÃO MECÂNICA;;6;FATIADORA DE BACON;11:38;13:50;  2,20000000;                474,518;OS 100485 REGULAGEM DA POSIÇÃO DO SENSOR NO CORTE FINAL;MANUTENÇÃO REALIZOU AJUSTES
92;FRIG. AURORA CASTRO;20;FATIADOS/PORCIONADOS;B;05/01/2026;14628;SUINO BARRIGA SEM PELE DEFUMADA PARA 340;2;NÃO PROGRAMADA;P46;MANUTENÇÃO MECÂNICA;;7;FATIADORA DE BACON;15:20;15:54;  0,56666667;                116,297;O.S 98883 - FALHA DE INVERSOR;ABERTO ORDEM DE SERVIÇO E COMUNICADO MANUTENÇAO
92;FRIG. AURORA CASTRO;20;FATIADOS/PORCIONADOS;B;05/01/2026;14628;SUINO BARRIGA SEM PELE DEFUMADA PARA 340;2;NÃO PROGRAMADA;P46;MANUTENÇÃO MECÂNICA;;6;FATIADORA DE BACON;18:52;19:00;  0,13333333;                 27,364;O.S 98884 - BOTÃO DA GARRA QUE ESTA COM DEFEITO;ABERTO ORDEM DE SERVIÇO E COMUNICADO MANUTENÇAO
92;FRIG. AURORA CASTRO;20;FATIADOS/PORCIONADOS;B;05/01/2026;14628;SUINO BARRIGA SEM PELE DEFUMADA PARA 340;2;NÃO PROGRAMADA;P46;MANUTENÇÃO MECÂNICA;;6;FATIADORA DE BACON;19:00;19:15;  0,25000000;                 51,308;O.S 98884 - BOTÃO DA GARRA QUE ESTA COM DEFEITO;ABERTO ORDEM DE SERVIÇO E COMUNICADO MANUTENÇAO
92;FRIG. AURORA CASTRO;20;FATIADOS/PORCIONADOS;B;09/01/2026;14552;SUINO BARRIGA SEM PELE DEFUMADA PARA 16775;2;NÃO PROGRAMADA;P46;MANUTENÇÃO MECÂNICA;;6;FATIADORA DE BACON;20:30;21:00;  0,50000000;                121,355;O.S 99975 PROBLEMA NA FATIADEIRA 1;ABERTA ORDEM PARA MANUTENÇÃO
92;FRIG. AURORA CASTRO;21;BISTECA;A;05/01/2026;5474;CARNE BISTECA ELABORACAO P/1299;2;NÃO PROGRAMADA;P45;MANUTENÇÃO ELÉTRICA;;3;FATIADORA DE BISTECA;15:15;15:22;  0,11666667;                110,133;98876 - FATIADORA FORA DE REFERÊNCIA;ABERTA A O.S E COMUNICADO A MANUTENÇÃO PARA REALIZAR OS AJUSTES
92;FRIG. AURORA CASTRO;21;BISTECA;A;08/01/2026;5474;CARNE BISTECA ELABORACAO P/1299;2;NÃO PROGRAMADA;P46;MANUTENÇÃO MECÂNICA;;3;FATIADORA DE BISTECA;07:08;08:04;  0,93333333;                881,067;99626 - FALTA DE CARTÃO NO CLP DO TÚNEL DE CONGELAMENTO;ABERTA A O.S E COMUNICADO A MANUTENÇÃO PARA ARRUMAR O EQUIPAMENTO
92;FRIG. AURORA CASTRO;21;BISTECA;A;08/01/2026;5474;CARNE BISTECA ELABORACAO P/1299;2;NÃO PROGRAMADA;P45;MANUTENÇÃO ELÉTRICA;;3;FATIADORA DE BISTECA;10:54;10:58;  0,06666667;                 62,933;99686 - FATIADORA FORA DE REFERÊNCIA;REALIZADO O AJUSTE DA MÁQUINA PELO OPERADOR , ABERTO A O.S E COMUNICADO A MANUTENÇÃO
92;FRIG. AURORA CASTRO;21;BISTECA;A;08/01/2026;5474;CARNE BISTECA ELABORACAO P/1299;2;NÃO PROGRAMADA;P45;MANUTENÇÃO ELÉTRICA;;3;FATIADORA DE BISTECA;11:20;11:37;  0,28333333;                267,467;99686 - FATIADORA FORA DE REFERÊNCIA;REALIZADO O AJUSTE DA MÁQUINA PELO OPERADOR , ABERTO A O.S E COMUNICADO A MANUTENÇÃO
92;FRIG. AURORA CASTRO;21;BISTECA;A;08/01/2026;5474;CARNE BISTECA ELABORACAO P/1299;2;NÃO PROGRAMADA;P45;MANUTENÇÃO ELÉTRICA;;3;FATIADORA DE BISTECA;13:00;13:03;  0,05000000;                 47,200;99686 - FATIADORA FORA DE REFERÊNCIA;REALIZADO O AJUSTE DA MÁQUINA PELO OPERADOR , ABERTO A O.S E COMUNICADO A MANUTENÇÃO
92;FRIG. AURORA CASTRO;21;BISTECA;A;08/01/2026;5474;CARNE BISTECA ELABORACAO P/1299;2;NÃO PROGRAMADA;P45;MANUTENÇÃO ELÉTRICA;;3;FATIADORA DE BISTECA;13:34;13:37;  0,05000000;                 47,200;99686 - FATIADORA FORA DE REFERÊNCIA;REALIZADO O AJUSTE DA MÁQUINA PELO OPERADOR , ABERTO A O.S E COMUNICADO A MANUTENÇÃO
92;FRIG. AURORA CASTRO;21;BISTECA;A;08/01/2026;5474;CARNE BISTECA ELABORACAO P/1299;2;NÃO PROGRAMADA;P45;MANUTENÇÃO ELÉTRICA;;3;FATIADORA DE BISTECA;14:50;14:53;  0,05000000;                 47,200;99686 - FATIADORA FORA DE REFERÊNCIA;REALIZADO O AJUSTE DA MÁQUINA PELO OPERADOR , ABERTO A O.S E COMUNICADO A MANUTENÇÃO
92;FRIG. AURORA CASTRO;21;BISTECA;A;08/01/2026;5474;CARNE BISTECA ELABORACAO P/1299;2;NÃO PROGRAMADA;P45;MANUTENÇÃO ELÉTRICA;;3;FATIADORA DE BISTECA;16:10;16:14;  0,06666667;                 62,933;FATIADORA FORA DE REFERÊNCIA;REALIZADO O AJUSTE DA MÁQUINA PELO OPERADOR , ABERTO A O.S E COMUNICADO A MANUTENÇÃO
92;FRIG. AURORA CASTRO;21;BISTECA;A;09/01/2026;5474;CARNE BISTECA ELABORACAO P/1299;2;NÃO PROGRAMADA;P45;MANUTENÇÃO ELÉTRICA;;3;FATIADORA DE BISTECA;07:20;07:39;  0,31666667;                298,933;- O.S 99854 FATIADORA FORA DE REFERENCIA;REALIZADO O AJUSTE DE EMEDIATO PELO OPERADOR DA MAQUINA E COMUNICADO A MANUTENÇÃO
92;FRIG. AURORA CASTRO;21;BISTECA;A;09/01/2026;5474;CARNE BISTECA ELABORACAO P/1299;2;NÃO PROGRAMADA;P45;MANUTENÇÃO ELÉTRICA;;3;FATIADORA DE BISTECA;08:20;08:23;  0,05000000;                 47,200;- O.S 99854 FATIADORA FORA DE REFERENCIA;REALIZADO O AJUSTE DE EMEDIATO PELO OPERADOR DA MAQUINA E COMUNICADO A MANUTENÇÃO
92;FRIG. AURORA CASTRO;21;BISTECA;A;09/01/2026;5474;CARNE BISTECA ELABORACAO P/1299;2;NÃO PROGRAMADA;P45;MANUTENÇÃO ELÉTRICA;;3;FATIADORA DE BISTECA;09:50;09:54;  0,06666667;                 62,933;99854 - FATIADORA FORA DE REFERÊNCIA;REALIZADO O AJUSTE DA MÁQUINA PELO OPERADOR , ABERTO A O.S E COMUNICADO A MANUTENÇÃO
92;FRIG. AURORA CASTRO;21;BISTECA;A;09/01/2026;5474;CARNE BISTECA ELABORACAO P/1299;2;NÃO PROGRAMADA;P45;MANUTENÇÃO ELÉTRICA;;3;FATIADORA DE BISTECA;10:33;10:37;  0,06666667;                 62,933;99854 - FATIADORA FORA DE REFERÊNCIA;REALIZADO O AJUSTE DA MÁQUINA PELO OPERADOR , ABERTO A O.S E COMUNICADO A MANUTENÇÃO
92;FRIG. AURORA CASTRO;21;BISTECA;A;09/01/2026;5474;CARNE BISTECA ELABORACAO P/1299;2;NÃO PROGRAMADA;P45;MANUTENÇÃO ELÉTRICA;;3;FATIADORA DE BISTECA;11:56;11:59;  0,05000000;                 47,200;99854 - FATIADORA FORA DE REFERÊNCIA;REALIZADO O AJUSTE DA MÁQUINA PELO OPERADOR , ABERTO A O.S E COMUNICADO A MANUTENÇÃO
92;FRIG. AURORA CASTRO;21;BISTECA;A;09/01/2026;5474;CARNE BISTECA ELABORACAO P/1299;2;NÃO PROGRAMADA;P45;MANUTENÇÃO ELÉTRICA;;3;FATIADORA DE BISTECA;12:40;12:44;  0,06666667;                 62,933;99854 - FATIADORA FORA DE REFERÊNCIA;REALIZADO O AJUSTE DA MÁQUINA PELO OPERADOR , ABERTO A O.S E COMUNICADO A MANUTENÇÃO
92;FRIG. AURORA CASTRO;21;BISTECA;A;09/01/2026;5474;CARNE BISTECA ELABORACAO P/1299;2;NÃO PROGRAMADA;P45;MANUTENÇÃO ELÉTRICA;;3;FATIADORA DE BISTECA;13:30;13:34;  0,06666667;                 62,933;99854 - FATIADORA FORA DE REFERÊNCIA;REALIZADO O AJUSTE DA MÁQUINA PELO OPERADOR , ABERTO A O.S E COMUNICADO A MANUTENÇÃO
92;FRIG. AURORA CASTRO;21;BISTECA;A;09/01/2026;5474;CARNE BISTECA ELABORACAO P/1299;2;NÃO PROGRAMADA;P45;MANUTENÇÃO ELÉTRICA;;3;FATIADORA DE BISTECA;15:00;15:04;  0,06666667;                 62,933;99854 - FATIADORA FORA DE REFERÊNCIA;REALIZADO O AJUSTE DA MÁQUINA PELO OPERADOR , ABERTO A O.S E COMUNICADO A MANUTENÇÃO
92;FRIG. AURORA CASTRO;21;BISTECA;A;09/01/2026;5474;CARNE BISTECA ELABORACAO P/1299;2;NÃO PROGRAMADA;P45;MANUTENÇÃO ELÉTRICA;;3;FATIADORA DE BISTECA;15:15;15:18;  0,05000000;                 47,200;99854 - FATIADORA FORA DE REFERÊNCIA;REALIZADO O AJUSTE DA MÁQUINA PELO OPERADOR , ABERTO A O.S E COMUNICADO A MANUTENÇÃO
92;FRIG. AURORA CASTRO;21;BISTECA;A;13/01/2026;5474;CARNE BISTECA ELABORACAO P/1299;2;NÃO PROGRAMADA;P45;MANUTENÇÃO ELÉTRICA;;3;FATIADORA DE BISTECA;07:08;08:40;  1,53333333;              1.447,467;100288 - FALHA NO SENSOR DA TEMPERATURA DE CIRCULAÇÃO DO TÚNEL DE CONGELAMENTO;ABERTA A O.S E COMUNICADO A MANUTENÇÃO PARA ARRUMAR O SENSOR
92;FRIG. AURORA CASTRO;21;BISTECA;A;13/01/2026;5474;CARNE BISTECA ELABORACAO P/1299;2;NÃO PROGRAMADA;P46;MANUTENÇÃO MECÂNICA;;3;FATIADORA DE BISTECA;15:10;15:31;  0,35000000;                330,400;100367 - ACOPLAMENTO DO EIXO DA V-CUT QUEBROU;ABERTA A O.S E COMUNICADO AMANUTENÇÃO PARA REALIZAR A TROCA DO EIXO
92;FRIG. AURORA CASTRO;21;BISTECA;A;14/01/2026;5474;CARNE BISTECA ELABORACAO P/1299;2;NÃO PROGRAMADA;P45;MANUTENÇÃO ELÉTRICA;;3;FATIADORA DE BISTECA;07:08;07:33;  0,41666667;                393,333;100459 - FATIADORA FORA DE REFERÊNCIA;REALIZADO O AJUSTE DA MÁQUINA PELO OPERADOR , ABERTO A O.S E COMUNICADO A MANUTENÇÃO
92;FRIG. AURORA CASTRO;23;FRESCAIS;A;05/01/2026;14362;SUINO ELABORACAO PARA LINGUICA SUINA 16624;2;NÃO PROGRAMADA;P46;MANUTENÇÃO MECÂNICA;;2;EMBUTIDEIRA HANDTMANN 2;07:10;07:22;  0,20000000;                280,000;OS 98781- PROBLEMA NO TORCEDOR DA EMBUTIDEIRA.;ABERTA A ORDEM DE SERVIÇO.
92;FRIG. AURORA CASTRO;23;FRESCAIS;A;12/01/2026;14362;SUINO ELABORACAO PARA LINGUICA SUINA 16624;2;NÃO PROGRAMADA;P46;MANUTENÇÃO MECÂNICA;;2;EMBUTIDEIRA HANDTMANN 2;07:23;07:37;  0,23333333;                326,667;OS 100077- PROBLEMA NO TORCEDOR DA EMBUTIDEIRA.;ABERTA A ORDEM DE SERVIÇO.
92;FRIG. AURORA CASTRO;23;FRESCAIS;B;05/01/2026;4131;SUINO ELABORACAO LINGUICA CHURRASCO 422;2;NÃO PROGRAMADA;P46;MANUTENÇÃO MECÂNICA;;2;EMBUTIDEIRA HANDTMANN 2;15:30;15:50;  0,33333333;                433,333;ABERTA O.S 98871 DEVIDO A AJUSTE NO TORCEDOR DA MESA 2;ACIONADO MANUTENÇÃO
92;FRIG. AURORA CASTRO;23;FRESCAIS;B;05/01/2026;4131;SUINO ELABORACAO LINGUICA CHURRASCO 422;2;NÃO PROGRAMADA;P46;MANUTENÇÃO MECÂNICA;;4;EMBUTIDEIRA HANDTMANN 4;16:00;16:17;  0,28333333;                368,333;ABERTA O.S 98864 DEVIDO A PROBLEMA NO PRÉ-VACUO DA SELADORA;ACIONADO MANUTENÇÃO
92;FRIG. AURORA CASTRO;23;FRESCAIS;B;05/01/2026;4131;SUINO ELABORACAO LINGUICA CHURRASCO 422;2;NÃO PROGRAMADA;P46;MANUTENÇÃO MECÂNICA;;5;EMBUTIDEIRA HANDTMANN 5;16:00;16:17;  0,28333333;                368,333;ABERTA O.S 98864 DEVIDO A PROBLEMA NO PRÉ-VACUO DA SELADORA;ACIONADO MANUTENÇÃO
92;FRIG. AURORA CASTRO;23;FRESCAIS;B;05/01/2026;4131;SUINO ELABORACAO LINGUICA CHURRASCO 422;2;NÃO PROGRAMADA;P46;MANUTENÇÃO MECÂNICA;;6;EMBUTIDEIRA HANDTMANN 6;16:00;16:17;  0,28333333;                368,333;ABERTA O.S 98864 DEVIDO A PROBLEMA NO PRÉ-VACUO DA SELADORA;ACIONADO MANUTENÇÃO
92;FRIG. AURORA CASTRO;23;FRESCAIS;B;05/01/2026;4131;SUINO ELABORACAO LINGUICA CHURRASCO 422;2;NÃO PROGRAMADA;P46;MANUTENÇÃO MECÂNICA;;2;EMBUTIDEIRA HANDTMANN 2;16:00;16:17;  0,28333333;                368,333;ABERTA O.S 98864 DEVIDO A PROBLEMA NO PRÉ-VACUO DA SELADORA;ACIONADO MANUTENÇÃO
92;FRIG. AURORA CASTRO;23;FRESCAIS;B;05/01/2026;4131;SUINO ELABORACAO LINGUICA CHURRASCO 422;2;NÃO PROGRAMADA;P46;MANUTENÇÃO MECÂNICA;;3;EMBUTIDEIRA HANDTMANN 3;16:00;16:17;  0,28333333;                368,333;ABERTA O.S 98864 DEVIDO A PROBLEMA NO PRÉ-VACUO DA SELADORA;ACIONADO MANUTENÇÃO
92;FRIG. AURORA CASTRO;23;FRESCAIS;B;05/01/2026;4131;SUINO ELABORACAO LINGUICA CHURRASCO 422;2;NÃO PROGRAMADA;P46;MANUTENÇÃO MECÂNICA;;1;EMBUTIDEIRA HANDTMANN 1;16:00;16:17;  0,28333333;                368,333;ABERTA O.S 98864 DEVIDO A PROBLEMA NO PRÉ-VACUO DA SELADORA;ACIONADO MANUTENÇÃO
92;FRIG. AURORA CASTRO;23;FRESCAIS;B;05/01/2026;4131;SUINO ELABORACAO LINGUICA CHURRASCO 422;2;NÃO PROGRAMADA;P46;MANUTENÇÃO MECÂNICA;;4;EMBUTIDEIRA HANDTMANN 4;17:00;17:10;  0,16666667;                216,667;ABERTO O.S 98866 DEVIDO A ESTEIRA QUE LEVA PACOTES PARA SEREM SELADOS NA SELADOREA ARREBENTOU;ACIONADO MANUTENÇÃO
92;FRIG. AURORA CASTRO;23;FRESCAIS;B;05/01/2026;4131;SUINO ELABORACAO LINGUICA CHURRASCO 422;2;NÃO PROGRAMADA;P46;MANUTENÇÃO MECÂNICA;;3;EMBUTIDEIRA HANDTMANN 3;17:00;17:10;  0,16666667;                216,667;ABERTO O.S 98866 DEVIDO A ESTEIRA QUE LEVA PACOTES PARA SEREM SELADOS NA SELADOREA ARREBENTOU;ACIONADO MANUTENÇÃO
92;FRIG. AURORA CASTRO;23;FRESCAIS;B;05/01/2026;4131;SUINO ELABORACAO LINGUICA CHURRASCO 422;2;NÃO PROGRAMADA;P46;MANUTENÇÃO MECÂNICA;;5;EMBUTIDEIRA HANDTMANN 5;17:00;17:10;  0,16666667;                216,667;ABERTO O.S 98866 DEVIDO A ESTEIRA QUE LEVA PACOTES PARA SEREM SELADOS NA SELADOREA ARREBENTOU;ACIONADO MANUTENÇÃO
92;FRIG. AURORA CASTRO;23;FRESCAIS;B;05/01/2026;4131;SUINO ELABORACAO LINGUICA CHURRASCO 422;2;NÃO PROGRAMADA;P46;MANUTENÇÃO MECÂNICA;;1;EMBUTIDEIRA HANDTMANN 1;17:00;17:10;  0,16666667;                216,667;ABERTO O.S 98866 DEVIDO A ESTEIRA QUE LEVA PACOTES PARA SEREM SELADOS NA SELADOREA ARREBENTOU;ACIONADO MANUTENÇÃO
92;FRIG. AURORA CASTRO;23;FRESCAIS;B;05/01/2026;4131;SUINO ELABORACAO LINGUICA CHURRASCO 422;2;NÃO PROGRAMADA;P46;MANUTENÇÃO MECÂNICA;;2;EMBUTIDEIRA HANDTMANN 2;17:00;17:10;  0,16666667;                216,667;ABERTO O.S 98866 DEVIDO A ESTEIRA QUE LEVA PACOTES PARA SEREM SELADOS NA SELADOREA ARREBENTOU;ACIONADO MANUTENÇÃO
92;FRIG. AURORA CASTRO;23;FRESCAIS;B;05/01/2026;4131;SUINO ELABORACAO LINGUICA CHURRASCO 422;2;NÃO PROGRAMADA;P46;MANUTENÇÃO MECÂNICA;;6;EMBUTIDEIRA HANDTMANN 6;17:00;17:10;  0,16666667;                216,667;ABERTO O.S 98866 DEVIDO A ESTEIRA QUE LEVA PACOTES PARA SEREM SELADOS NA SELADOREA ARREBENTOU;ACIONADO MANUTENÇÃO
92;FRIG. AURORA CASTRO;23;FRESCAIS;B;06/01/2026;4131;SUINO ELABORACAO LINGUICA CHURRASCO 422;2;NÃO PROGRAMADA;P46;MANUTENÇÃO MECÂNICA;;2;EMBUTIDEIRA HANDTMANN 2;15:30;15:40;  0,16666667;                216,667;ABERTA O.S 99202 DEVIDO A AJUSTE NO TORCEDOR DA EMBUTIDEIRA 2;ACIONADO MANUTENÇÃO
92;FRIG. AURORA CASTRO;23;FRESCAIS;B;06/01/2026;4131;SUINO ELABORACAO LINGUICA CHURRASCO 422;2;NÃO PROGRAMADA;P46;MANUTENÇÃO MECÂNICA;;5;EMBUTIDEIRA HANDTMANN 5;16:20;16:45;  0,41666667;                541,667;ABERTA O.S 99201 DEVIDO A FIO DO PAINEL DAS BALANÇAS DA EMBUTIDEIRA 5 TER ARREBENTADO;ACIONADO MANUTENÇÃO
92;FRIG. AURORA CASTRO;23;FRESCAIS;B;06/01/2026;4131;SUINO ELABORACAO LINGUICA CHURRASCO 422;2;NÃO PROGRAMADA;P46;MANUTENÇÃO MECÂNICA;;4;EMBUTIDEIRA HANDTMANN 4;17:20;17:30;  0,16666667;                216,667;ABERTA O.S 99212 DEVIDO A AJUSTE NO TORCEDOR DA EMBUTIDEIRA 4;ACIONADO MANUTENÇÃO
92;FRIG. AURORA CASTRO;23;FRESCAIS;B;08/01/2026;4131;SUINO ELABORACAO LINGUICA CHURRASCO 422;2;NÃO PROGRAMADA;P46;MANUTENÇÃO MECÂNICA;;1;EMBUTIDEIRA HANDTMANN 1;21:20;21:40;  0,33333333;                433,333;ABERTO O.S 99753 DEVIDO A AJUSTE NO BATEDOR DA EMBUTIDEIRA 1;ACIONADO A MANUTENÇÃO
92;FRIG. AURORA CASTRO;23;FRESCAIS;B;12/01/2026;14369;SUINO ELABORACAO PARA LINGUICA SUINA 16678;2;NÃO PROGRAMADA;P46;MANUTENÇÃO MECÂNICA;;6;EMBUTIDEIRA HANDTMANN 6;15:17;16:00;  0,71666667;                485,728;ABERTA O.S 100135 DEVIDO A PROBLEMA NA BOMBA DE VACUO DA EMBUTIDEIRA 6;ACIONADO A MANUTENÇÃO
92;FRIG. AURORA CASTRO;23;FRESCAIS;B;12/01/2026;4131;SUINO ELABORACAO LINGUICA CHURRASCO 422;2;NÃO PROGRAMADA;P46;MANUTENÇÃO MECÂNICA;;1;EMBUTIDEIRA HANDTMANN 1;19:00;20:00;  1,00000000;              1.300,000;ABERTA O.S 100167 DEVIDO A PROBLEMA NO TORCEDOR DA EMBUTIDEIRA 1;ACIONADO A MANUTENÇÃO
92;FRIG. AURORA CASTRO;23;FRESCAIS;B;13/01/2026;4131;SUINO ELABORACAO LINGUICA CHURRASCO 422;2;NÃO PROGRAMADA;P46;MANUTENÇÃO MECÂNICA;;6;EMBUTIDEIRA HANDTMANN 6;22:25;22:50;  0,41666667;                541,667;ABERTA O.S 100408 DEVIDO A TROCA DE RASPADOR DA EMBUTIDEIRA 6;ACIONADO MANUTENÇÃO
92;FRIG. AURORA CASTRO;23;FRESCAIS;B;15/01/2026;14384;SUINO ELABORACAO PARA LINGUICA COM BACON 16588;2;NÃO PROGRAMADA;P46;MANUTENÇÃO MECÂNICA;;6;EMBUTIDEIRA HANDTMANN 6;15:37;15:52;  0,25000000;                169,440;ABERTA O.S 100802 DEVIDO A AJUSTE NO DETECTOR DE METAIS DA TERMOFORMADORA;ACIONADO A MANUTENÇÃO
92;FRIG. AURORA CASTRO;30;PRESUNTARIA;A;05/01/2026;14501;SUINO ELABORACAO APRESUNTADO COZIDO 16597;2;NÃO PROGRAMADA;P46;MANUTENÇÃO MECÂNICA;;1;TERMOFORMADORA;07:44;08:30;  0,76666667;              2.980,800;DESPOSITIVO DE ENCHIMENTO 2 E 3 A ESPERA DE CONFIRMAÇÃO;FOI ABERTA ORDEM DE SERVIÇO (98777)
92;FRIG. AURORA CASTRO;30;PRESUNTARIA;A;05/01/2026;14501;SUINO ELABORACAO APRESUNTADO COZIDO 16597;2;NÃO PROGRAMADA;P46;MANUTENÇÃO MECÂNICA;;1;TERMOFORMADORA;09:30;10:00;  0,50000000;              1.944,000;DESPOSITIVO DE ENCHIMENTO 2 E 3 A ESPERA DE CONFIRMAÇÃO;FOI ABERTA ORDEM DE SERVIÇO (98777)
92;FRIG. AURORA CASTRO;30;PRESUNTARIA;A;05/01/2026;14501;SUINO ELABORACAO APRESUNTADO COZIDO 16597;2;NÃO PROGRAMADA;P46;MANUTENÇÃO MECÂNICA;;1;TERMOFORMADORA;11:18;11:26;  0,13333333;                518,400;DESPOSITIVO DE ENCHIMENTO 2 E 3 A ESPERA DE CONFIRMAÇÃO;FOI ABERTA ORDEM DE SERVIÇO (98777)
92;FRIG. AURORA CASTRO;30;PRESUNTARIA;A;05/01/2026;14503;SUINO ELABORACAO PRESUNTO COZIDO 16630;2;NÃO PROGRAMADA;P46;MANUTENÇÃO MECÂNICA;;1;TERMOFORMADORA;13:00;14:41;  1,68333333;              6.363,000;EMBALAGENS COM AR TERMOFORMADORA  NÃO  ESTA  ESTRAINDO  VACO CORRETAMENTE;ABERTA ORDEM DE SERVIÇO (98845)
92;FRIG. AURORA CASTRO;30;PRESUNTARIA;A;07/01/2026;14501;SUINO ELABORACAO APRESUNTADO COZIDO 16597;2;NÃO PROGRAMADA;P46;MANUTENÇÃO MECÂNICA;;1;TERMOFORMADORA;06:07;06:40;  0,55000000;              2.138,400;DANDO ERRO NO VOLTERME 2;ORDEM ABERTA 99274
92;FRIG. AURORA CASTRO;30;PRESUNTARIA;A;09/01/2026;14503;SUINO ELABORACAO PRESUNTO COZIDO 16630;2;NÃO PROGRAMADA;P46;MANUTENÇÃO MECÂNICA;;1;TERMOFORMADORA;06:07;06:40;  0,55000000;              2.079,000;EMBUTIDEIRA NÃO ESTA DOSANDO;ORDEM ABERTA (99812)
92;FRIG. AURORA CASTRO;30;PRESUNTARIA;A;09/01/2026;14503;SUINO ELABORACAO PRESUNTO COZIDO 16630;2;NÃO PROGRAMADA;P46;MANUTENÇÃO MECÂNICA;;1;TERMOFORMADORA;07:00;07:20;  0,33333333;              1.260,000;ESTOUROU A MANGUEIRA DA  TUBULAÇÃO QUE VAI MASSA;ORDEM ABERTA (99815)
92;FRIG. AURORA CASTRO;30;PRESUNTARIA;A;09/01/2026;14503;SUINO ELABORACAO PRESUNTO COZIDO 16630;2;NÃO PROGRAMADA;P46;MANUTENÇÃO MECÂNICA;;1;TERMOFORMADORA;11:30;12:40;  1,16666667;              4.410,000;EMBUTIDEIRA NÃO ESTA DOSANDO;ORDEM ABERTA (99888)
92;FRIG. AURORA CASTRO;30;PRESUNTARIA;A;09/01/2026;14503;SUINO ELABORACAO PRESUNTO COZIDO 16630;2;NÃO PROGRAMADA;P46;MANUTENÇÃO MECÂNICA;;1;TERMOFORMADORA;13:00;13:30;  0,50000000;              1.890,000;EMBUTIDEIRA NÃO ESTA DOSANDO;ORDEM ABERTA (99888)
92;FRIG. AURORA CASTRO;30;PRESUNTARIA;A;10/01/2026;14645;SUINO ELABORACAO PRESUNTO COZIDO 16540;2;NÃO PROGRAMADA;P46;MANUTENÇÃO MECÂNICA;;1;TERMOFORMADORA;06:07;06:40;  0,55000000;              2.079,000; SUPORTE DOS SENSORES  DA BARREIRA DA  ENTRADA  DA  SELAGEM  QUEBRADA;ORDEM DE SERVIÇO ABERTA (99979)
92;FRIG. AURORA CASTRO;30;PRESUNTARIA;A;10/01/2026;14503;SUINO ELABORACAO PRESUNTO COZIDO 16630;2;NÃO PROGRAMADA;P46;MANUTENÇÃO MECÂNICA;;1;TERMOFORMADORA;08:59;10:00;  1,01666667;              3.843,000;FACA CORTE OVAL PAROU DE FUNCIONAR;ORDEM DE SERVIÇO ABERTA (99985)
92;FRIG. AURORA CASTRO;30;PRESUNTARIA;A;10/01/2026;14503;SUINO ELABORACAO PRESUNTO COZIDO 16630;2;NÃO PROGRAMADA;P46;MANUTENÇÃO MECÂNICA;;1;TERMOFORMADORA;11:00;11:20;  0,33333333;              1.260,000;FACAS DISPOSITIVO DE CORTE  NÃO  ALCANSANDO  A POSIÇÃO  FINAL;ORDEM DE SERVIÇO ABERTA (99985)
92;FRIG. AURORA CASTRO;30;PRESUNTARIA;A;13/01/2026;14645;SUINO ELABORACAO PRESUNTO COZIDO 16540;2;NÃO PROGRAMADA;P46;MANUTENÇÃO MECÂNICA;;1;TERMOFORMADORA;06:07;06:40;  0,55000000;              2.079,000;CAIXA DE SELAGEM  NÃO ESTA ESQUENTANDO;ORDEM DE SERVIÇO ABERTA ( 100276)
92;FRIG. AURORA CASTRO;30;PRESUNTARIA;A;13/01/2026;14645;SUINO ELABORACAO PRESUNTO COZIDO 16540;2;NÃO PROGRAMADA;P46;MANUTENÇÃO MECÂNICA;;1;TERMOFORMADORA;07:10;07:30;  0,33333333;              1.260,000;DETECTOR METAL PAROU DE FUNCIONAR;ABERTA ORDEM DE SERVIÇO(100282)
92;FRIG. AURORA CASTRO;30;PRESUNTARIA;A;14/01/2026;14501;SUINO ELABORACAO APRESUNTADO COZIDO 16597;2;NÃO PROGRAMADA;P46;MANUTENÇÃO MECÂNICA;;1;TERMOFORMADORA;05:40;06:30;  0,83333333;              3.240,000;ESTOUROU O PARAFUSO  EMMBULO DO  VOLTERM;ORDEM DE SERVIÇO ABERTA (100429)
92;FRIG. AURORA CASTRO;30;PRESUNTARIA;B;05/01/2026;14645;SUINO ELABORACAO PRESUNTO COZIDO 16540;2;NÃO PROGRAMADA;P46;MANUTENÇÃO MECÂNICA;;1;TERMOFORMADORA;14:57;15:20;  0,38333333;              1.449,000;98845 PROBLEMA NO VÁCUO;98845 - ABERTA S.S
92;FRIG. AURORA CASTRO;30;PRESUNTARIA;B;05/01/2026;14645;SUINO ELABORACAO PRESUNTO COZIDO 16540;2;NÃO PROGRAMADA;P46;MANUTENÇÃO MECÂNICA;;1;TERMOFORMADORA;15:22;15:35;  0,21666667;                819,000;98862 PROBLEMA NO DETECTOR DE METAL;98862 - ABERTA S.S
92;FRIG. AURORA CASTRO;30;PRESUNTARIA;B;05/01/2026;940299;SUINO ELABORACAO PARA PRESUNTO 940298/14495/16633;2;NÃO PROGRAMADA;P46;MANUTENÇÃO MECÂNICA;;2;POLYCLIP;21:40;22:00;  0,33333333;              1.941,667;PROBLEMA NA TOMADA DA POLYCLIP;98886- ABERTA S.S
92;FRIG. AURORA CASTRO;30;PRESUNTARIA;B;06/01/2026;14645;SUINO ELABORACAO PRESUNTO COZIDO 16540;2;NÃO PROGRAMADA;P46;MANUTENÇÃO MECÂNICA;;1;TERMOFORMADORA;14:57;16:00;  1,05000000;              3.969,000;TERMOFORMADORA COM PROBLEMA DE VACUO;99203-ABERTA S.S
92;FRIG. AURORA CASTRO;30;PRESUNTARIA;B;06/01/2026;14501;SUINO ELABORACAO APRESUNTADO COZIDO 16597;2;NÃO PROGRAMADA;P46;MANUTENÇÃO MECÂNICA;;1;TERMOFORMADORA;21:00;22:00;  1,00000000;              3.888,000;FALHA NA EXTRAÇÃO DE VACUO;99203-ABERTA S.S
92;FRIG. AURORA CASTRO;30;PRESUNTARIA;B;08/01/2026;14501;SUINO ELABORACAO APRESUNTADO COZIDO 16597;2;NÃO PROGRAMADA;P46;MANUTENÇÃO MECÂNICA;;1;TERMOFORMADORA;15:39;16:00;  0,35000000;              1.360,800;QUEIMOU MOTOR DE VENTILAÇÃO;99727 - ABERTA S.S
92;FRIG. AURORA CASTRO;30;PRESUNTARIA;B;08/01/2026;14501;SUINO ELABORACAO APRESUNTADO COZIDO 16597;2;NÃO PROGRAMADA;P46;MANUTENÇÃO MECÂNICA;;1;TERMOFORMADORA;16:20;17:00;  0,66666667;              2.592,000;99727 QUEIMOU MOTOR DE VENTILAÇÃO DA MULTIVAC;99727 - ABERTA S.S
92;FRIG. AURORA CASTRO;30;PRESUNTARIA;B;08/01/2026;14503;SUINO ELABORACAO PRESUNTO COZIDO 16630;2;NÃO PROGRAMADA;P46;MANUTENÇÃO MECÂNICA;;1;TERMOFORMADORA;23:23;00:11;  0,80000000;              3.024,000;MULTIVAC COM PROBLEMA DE VACUO;99775-ABERTA S.S
92;FRIG. AURORA CASTRO;31;EMBALAGEM DE PRESUNTO;B;05/01/2026;16597;APRESUNTADO COZIDO RF 2 PCS;2;NÃO PROGRAMADA;P75;PROBLEMAS RELACIONADOS A MANUTENÇÃO EM OUTRO SETOR;;7;EMBALAGEM PRESUNTO;14:57;17:20;  2,38333333;              3.791,836;PROBLEMAS DE MANUTENÇÃO NO TURNO A ATRASANDO A ENTRADA DOS TANQUES E AFETANDO A SAIDA DURANTE O TURNO B;DIRECIONADO COLABORADPRES PARA OUTRA ATIVIDADE
92;FRIG. AURORA CASTRO;31;EMBALAGEM DE PRESUNTO;B;05/01/2026;16630;PRESUNTO COZIDO RF ALEGRA 2 PCS;2;NÃO PROGRAMADA;P75;PROBLEMAS RELACIONADOS A MANUTENÇÃO EM OUTRO SETOR;;7;EMBALAGEM PRESUNTO;18:00;18:55;  0,91666667;              1.736,506;PROBLEMAS DE MANUTENÇÃO NO TURNO A ATRASANDO A ENTRADA DOS TANQUES E AFETANDO A SAIDA DURANTE O TURNO B;DIRECIONADO COLABORADPRES PARA OUTRA ATIVIDADE
92;FRIG. AURORA CASTRO;31;EMBALAGEM DE PRESUNTO;B;08/01/2026;16548;APRESUNTADO COZIDO BOUA (MI);2;NÃO PROGRAMADA;P46;MANUTENÇÃO MECÂNICA;;7;EMBALAGEM PRESUNTO;18:00;18:20;  0,33333333;                530,327;ELEVADOR DA DESENFORMAGEM NÃO ACIONA;97746 - ABERTA S.S
92;FRIG. AURORA CASTRO;32;EMBUTIMENTO DE COPAS;A;12/01/2026;14657;SUINO ELABORACAO PARA COPA 16508;2;NÃO PROGRAMADA;P46;MANUTENÇÃO MECÂNICA;;1;EMBUTIDEIRA DE COPA;08:00;08:40;  0,66666667;                282,000;OS 100098 - FALHA NO SENSOR B8;AGUARDADO MANUTENÇÃO AJUSTAR
92;FRIG. AURORA CASTRO;32;EMBUTIMENTO DE COPAS;A;12/01/2026;14657;SUINO ELABORACAO PARA COPA 16508;2;NÃO PROGRAMADA;P46;MANUTENÇÃO MECÂNICA;;1;EMBUTIDEIRA DE COPA;15:25;17:11;  1,76666667;                747,300;OS 100098 - FALHA NO SENSOR B8;PARADO PROCESSO PARA MANUTENÇÃO REALIZAR AJUSTE
92;FRIG. AURORA CASTRO;32;EMBUTIMENTO DE COPAS;A;13/01/2026;14657;SUINO ELABORACAO PARA COPA 16508;2;NÃO PROGRAMADA;P46;MANUTENÇÃO MECÂNICA;;1;EMBUTIDEIRA DE COPA;08:00;08:59;  0,98333333;                415,950;OS 100320 - REALIZADO AJUSTE NA TROCA DE CONEXÃO DA MANGUEIRA;AGUARDADO MANUTENÇÃO AJUSTAR
92;FRIG. AURORA CASTRO;32;EMBUTIMENTO DE COPAS;A;13/01/2026;14657;SUINO ELABORACAO PARA COPA 16508;2;NÃO PROGRAMADA;P46;MANUTENÇÃO MECÂNICA;;1;EMBUTIDEIRA DE COPA;10:01;11:40;  1,65000000;                697,950;OS 100321 - MÁQUINA NÃO ESTÁ DANDO PRESSÃO NA PEÇA;AGUARDADO MANUTENÇÃO AJUSTAR
92;FRIG. AURORA CASTRO;33;EMBUTIMENTO DE SALAME;A;08/01/2026;14573;SUINO ELABORACAO PARA SALAMINHO 16510;2;NÃO PROGRAMADA;P46;MANUTENÇÃO MECÂNICA;;1;EMBUTIDEIRA SALAME;07:37;12:00;  4,38333333;              4.383,333;MATÉRIA PRIMA NÃO ATINGIU A TEMPERATURA IDEAL;DIRECIONADO EQUIPE PARA OUTRAS ATIVIDADES
92;FRIG. AURORA CASTRO;33;EMBUTIMENTO DE SALAME;A;08/01/2026;14573;SUINO ELABORACAO PARA SALAMINHO 16510;2;NÃO PROGRAMADA;P46;MANUTENÇÃO MECÂNICA;;1;EMBUTIDEIRA SALAME;14:00;17:11;  3,18333333;              3.183,333;MATÉRIA PRIMA NÃO ATINGIU A TEMPERATURA IDEAL;DIRECIONADO EQUIPE PARA OUTRAS ATIVIDADES
92;FRIG. AURORA CASTRO;33;EMBUTIMENTO DE SALAME;A;09/01/2026;14673;SUINO ELABORACAO PARA SALAME 16697;2;NÃO PROGRAMADA;P46;MANUTENÇÃO MECÂNICA;;1;EMBUTIDEIRA SALAME;08:00;09:23;  1,38333333;              1.660,000;CÂMARA DE SECAGEM NÃO ATINGIU A TEMPERATURA IDEAL DA PELETA;AGUARDADO REALIZAR AJUSTES
92;FRIG. AURORA CASTRO;33;EMBUTIMENTO DE SALAME;A;09/01/2026;14673;SUINO ELABORACAO PARA SALAME 16697;2;NÃO PROGRAMADA;P46;MANUTENÇÃO MECÂNICA;;1;EMBUTIDEIRA SALAME;10:29;11:24;  0,91666667;              1.100,000;CÂMARA DE SECAGEM NÃO ATINGIU A TEMPERATURA IDEAL DA PELETA;AGUARDADO REALIZAR AJUSTES
92;FRIG. AURORA CASTRO;33;EMBUTIMENTO DE SALAME;A;09/01/2026;14673;SUINO ELABORACAO PARA SALAME 16697;2;NÃO PROGRAMADA;P46;MANUTENÇÃO MECÂNICA;;1;EMBUTIDEIRA SALAME;14:30;15:40;  1,16666667;              1.400,000;MASSA NÃO ATINGIU A TEMPERATURA IDEAL;DIRECIONADO A OUTRA CÂMARA E AGUARDADO ABAIXAR TEMPERATURA ENQUANTO MANUTENÇÃO AJUSTA
92;FRIG. AURORA CASTRO;33;EMBUTIMENTO DE SALAME;A;10/01/2026;14673;SUINO ELABORACAO PARA SALAME 16697;2;NÃO PROGRAMADA;P46;MANUTENÇÃO MECÂNICA;;1;EMBUTIDEIRA SALAME;09:47;09:54;  0,11666667;                140,000;OS 99986 - MÁQUINA NÃO ESTÁ SOLTANDO LAÇO;AGUARDADO MANUTENÇÃO AJUSTAR
92;FRIG. AURORA CASTRO;33;EMBUTIMENTO DE SALAME;A;13/01/2026;14573;SUINO ELABORACAO PARA SALAMINHO 16510;2;NÃO PROGRAMADA;P46;MANUTENÇÃO MECÂNICA;;1;EMBUTIDEIRA SALAME;08:20;10:34;  2,23333333;              2.233,333;OS 100291 - PAINEL DA POLYCLYP COM PROBLEMAS;EQUIPE AUXILIOU NO EMBUTIMENTO DE COPAS
92;FRIG. AURORA CASTRO;33;EMBUTIMENTO DE SALAME;A;13/01/2026;14573;SUINO ELABORACAO PARA SALAMINHO 16510;2;NÃO PROGRAMADA;P46;MANUTENÇÃO MECÂNICA;;1;EMBUTIDEIRA SALAME;14:29;17:11;  2,70000000;              2.700,000;OS 100292 - CÂMARA DE SECAGEM SENDO AJUSTADA;DIRECIONADO EQUIPE PARA AUXILIAR EM OUTRAS ATIVIDADES DA INDÚSTRIA
92;FRIG. AURORA CASTRO;33;EMBUTIMENTO DE SALAME;A;14/01/2026;14573;SUINO ELABORACAO PARA SALAMINHO 16510;2;NÃO PROGRAMADA;P46;MANUTENÇÃO MECÂNICA;;1;EMBUTIDEIRA SALAME;11:21;12:22;  1,01666667;              1.016,667;OS 100463 - ESTEIRA TRAVANDO;AGUARDADO MANUTENÇÃO AJUSTAR
92;FRIG. AURORA CASTRO;33;EMBUTIMENTO DE SALAME;A;15/01/2026;14673;SUINO ELABORACAO PARA SALAME 16697;2;NÃO PROGRAMADA;P46;MANUTENÇÃO MECÂNICA;;1;EMBUTIDEIRA SALAME;08:00;10:21;  2,35000000;              2.820,000;OS 100681 - CÂMARA NÃO ESTÁ REALIZANDO A SECAGEM DAS PALETAS;DIRECIONADO EQUIPE PARA AUXILIAR EM OUTRAS ATIVIDADES DA INDÚSTRIA
92;FRIG. AURORA CASTRO;33;EMBUTIMENTO DE SALAME;A;15/01/2026;14673;SUINO ELABORACAO PARA SALAME 16697;2;NÃO PROGRAMADA;P46;MANUTENÇÃO MECÂNICA;;1;EMBUTIDEIRA SALAME;11:17;13:40;  2,38333333;              2.860,000;OS 100681 - CÂMARA NÃO ESTÁ REALIZANDO A SECAGEM DAS PALETAS;DIRECIONADO EQUIPE PARA AUXILIAR EM OUTRAS ATIVIDADES DA INDÚSTRIA
92;FRIG. AURORA CASTRO;33;EMBUTIMENTO DE SALAME;A;15/01/2026;14673;SUINO ELABORACAO PARA SALAME 16697;2;NÃO PROGRAMADA;P46;MANUTENÇÃO MECÂNICA;;1;EMBUTIDEIRA SALAME;16:10;17:11;  1,01666667;              1.220,000;OS 100681 - CÂMARA NÃO ESTÁ REALIZANDO A SECAGEM DAS PALETAS;DIRECIONADO EQUIPE PARA AUXILIAR EM OUTRAS ATIVIDADES DA INDÚSTRIA
92;FRIG. AURORA CASTRO;34;EMBUTIMENTO DE COZIDOS;A;05/01/2026;14518;SUINO ELABORACAO LINGUICA CALABRESA 16654;2;NÃO PROGRAMADA;P46;MANUTENÇÃO MECÂNICA;;1;EMBUTIDEIRA COM GANCHEIRA;05:25;06:00;  0,58333333;              1.050,000;98745 NÃO ESTA REFERENCIANDO;ABERTA SS - 98745
92;FRIG. AURORA CASTRO;34;EMBUTIMENTO DE COZIDOS;A;05/01/2026;14518;SUINO ELABORACAO LINGUICA CALABRESA 16654;2;NÃO PROGRAMADA;P46;MANUTENÇÃO MECÂNICA;;1;EMBUTIDEIRA COM GANCHEIRA;06:00;06:46;  0,76666667;              1.380,000;98745 NÃO ESTA REFERENCIANDO;ABERTA SS 98745
92;FRIG. AURORA CASTRO;34;EMBUTIMENTO DE COZIDOS;A;05/01/2026;14518;SUINO ELABORACAO LINGUICA CALABRESA 16654;2;NÃO PROGRAMADA;P46;MANUTENÇÃO MECÂNICA;;1;EMBUTIDEIRA COM GANCHEIRA;07:35;08:00;  0,41666667;                750,000;98776 FUNIL TRAVADO;ABERTA SS - 98776
92;FRIG. AURORA CASTRO;34;EMBUTIMENTO DE COZIDOS;A;05/01/2026;14518;SUINO ELABORACAO LINGUICA CALABRESA 16654;2;NÃO PROGRAMADA;P46;MANUTENÇÃO MECÂNICA;;1;EMBUTIDEIRA COM GANCHEIRA;08:29;09:00;  0,51666667;                930,000;98776 FUNIL TRAVADO;ABERTO SS - 98778
92;FRIG. AURORA CASTRO;34;EMBUTIMENTO DE COZIDOS;A;05/01/2026;14518;SUINO ELABORACAO LINGUICA CALABRESA 16654;2;NÃO PROGRAMADA;P46;MANUTENÇÃO MECÂNICA;;1;EMBUTIDEIRA COM GANCHEIRA;09:00;10:00;  1,00000000;              1.800,000;98776 FUNIL TRAVADO;ABERTO SS - 98776
92;FRIG. AURORA CASTRO;34;EMBUTIMENTO DE COZIDOS;A;05/01/2026;14518;SUINO ELABORACAO LINGUICA CALABRESA 16654;2;NÃO PROGRAMADA;P46;MANUTENÇÃO MECÂNICA;;1;EMBUTIDEIRA COM GANCHEIRA;10:00;10:25;  0,41666667;                750,000;TROCADO O CABO DE ALIMENTAÇÃO E COMUNICAÇÃO COM A GANCHEIRA;ABERTA SS 98776
92;FRIG. AURORA CASTRO;34;EMBUTIMENTO DE COZIDOS;A;08/01/2026;14636;SUINO ELABORACAO LINGUICA PAIO 16572;2;NÃO PROGRAMADA;P46;MANUTENÇÃO MECÂNICA;;1;EMBUTIDEIRA COM GANCHEIRA;05:07;06:00;  0,88333333;              1.325,000;99574 EMBUTIDEIRA PAROU;ABERTA SS - 99574
92;FRIG. AURORA CASTRO;34;EMBUTIMENTO DE COZIDOS;A;08/01/2026;14636;SUINO ELABORACAO LINGUICA PAIO 16572;2;NÃO PROGRAMADA;P46;MANUTENÇÃO MECÂNICA;;1;EMBUTIDEIRA COM GANCHEIRA;06:00;07:00;  1,00000000;              1.500,000;99574 EMBUTIDEIRA PAROU; ABERTA SS 99574
92;FRIG. AURORA CASTRO;34;EMBUTIMENTO DE COZIDOS;A;08/01/2026;14636;SUINO ELABORACAO LINGUICA PAIO 16572;2;NÃO PROGRAMADA;P46;MANUTENÇÃO MECÂNICA;;1;EMBUTIDEIRA COM GANCHEIRA;07:00;08:00;  1,00000000;              1.500,000;99574 EMBUTIDEIRA PAROU;99574 ABERTO SS
92;FRIG. AURORA CASTRO;34;EMBUTIMENTO DE COZIDOS;A;08/01/2026;14638;SUINO ELABORACAO LINGUICA CALABRESA 16623;2;NÃO PROGRAMADA;P46;MANUTENÇÃO MECÂNICA;;1;EMBUTIDEIRA COM GANCHEIRA;09:10;09:46;  0,60000000;              1.182,000;99633 TRAVOU O FUNIL;ABERTO SS - 99633
92;FRIG. AURORA CASTRO;34;EMBUTIMENTO DE COZIDOS;B;08/01/2026;14518;SUINO ELABORACAO LINGUICA CALABRESA 16654;2;NÃO PROGRAMADA;P46;MANUTENÇÃO MECÂNICA;;1;EMBUTIDEIRA COM GANCHEIRA;15:31;15:40;  0,15000000;                270,000;OS 99713 EMBUTIDEIRA PAROU DE FUNCIONAR;OS 99713
92;FRIG. AURORA CASTRO;34;EMBUTIMENTO DE COZIDOS;B;13/01/2026;4777;SUINO ELABORACAO LINGUICA CALABRESA 5030/576;2;NÃO PROGRAMADA;P46;MANUTENÇÃO MECÂNICA;;1;EMBUTIDEIRA COM GANCHEIRA;22:00;22:47;  0,78333333;              1.410,000;O.S 10392 EMBUTIDEIRA PAROU, SUPER AQUECIMENTO NO MOTOR;O.S 100392 MANUTENÇÃO ATUANDO
92;FRIG. AURORA CASTRO;34;EMBUTIMENTO DE COZIDOS;B;15/01/2026;14638;SUINO ELABORACAO LINGUICA CALABRESA 16623;2;NÃO PROGRAMADA;P46;MANUTENÇÃO MECÂNICA;;1;EMBUTIDEIRA COM GANCHEIRA;15:30;15:35;  0,08333333;                164,167;CORREIA DO FREIA DA EMBUTIDEIRA PAROU;ABERTO O.S 100812
92;FRIG. AURORA CASTRO;34;EMBUTIMENTO DE COZIDOS;B;15/01/2026;14518;SUINO ELABORACAO LINGUICA CALABRESA 16654;2;NÃO PROGRAMADA;P46;MANUTENÇÃO MECÂNICA;;1;EMBUTIDEIRA COM GANCHEIRA;20:10;20:15;  0,08333333;                150,000;FUNIL DA EMBUTIDEIRA COM PROBLEMA;ABERTO O.S 100829
92;FRIG. AURORA CASTRO;34;EMBUTIMENTO DE COZIDOS;B;15/01/2026;14518;SUINO ELABORACAO LINGUICA CALABRESA 16654;2;NÃO PROGRAMADA;P46;MANUTENÇÃO MECÂNICA;;1;EMBUTIDEIRA COM GANCHEIRA;20:25;20:37;  0,20000000;                360,000;FUNIL DA EMBUTIDEIRA;ABERTO O.S 100830
92;FRIG. AURORA CASTRO;36;EMBALAGEM DE CURADOS;A;09/01/2026;16697;SALAME CURADO CERATTI (MI);2;NÃO PROGRAMADA;P46;MANUTENÇÃO MECÂNICA;;8;TERMOFORMADORA SALAME;10:45;11:00;  0,25000000;                378,000;OS 99869 - BOTÃO DE ACIONAMENTO DA ESTEIRA QUEBRADO;AGUARDANDO MANUTENÇÃO AJUSTAR
92;FRIG. AURORA CASTRO;40;FATIADOS;A;06/01/2026;16625;COPA FATIADA ALEGRA 100G (MI);2;NÃO PROGRAMADA;P46;MANUTENÇÃO MECÂNICA;;5;FATIADORA TEXTOR;10:00;10:52;  0,86666667;                130,000;OS 99179 POSIÇÃO REAL CAINDO O VALOR;MANUTENÇÃO REALIZANDO AJUSTES
92;FRIG. AURORA CASTRO;40;FATIADOS;A;06/01/2026;16625;COPA FATIADA ALEGRA 100G (MI);2;NÃO PROGRAMADA;P46;MANUTENÇÃO MECÂNICA;;5;FATIADORA TEXTOR;13:48;14:25;  0,61666667;                 92,500;OS 99185 PEÇA DA PRENÇA QUEBRADA;MANUTENÇÃO REALIZANDO AJUSTES
92;FRIG. AURORA CASTRO;40;FATIADOS;A;08/01/2026;16549;PRESUNTO COZIDO FATIADO BOUA (MI);2;NÃO PROGRAMADA;P46;MANUTENÇÃO MECÂNICA;;1;TERMOFORMADORA;13:25;14:01;  0,60000000;                345,600;OS 99684 MÁ FATIAMENTO TEXTOR;MANUTENÇÃO REALIZANDO AJUSTES
92;FRIG. AURORA CASTRO;40;FATIADOS;A;09/01/2026;16549;PRESUNTO COZIDO FATIADO BOUA (MI);2;NÃO PROGRAMADA;P46;MANUTENÇÃO MECÂNICA;;1;TERMOFORMADORA;06:20;06:30;  0,16666667;                 96,000;OS 99805 SENSOR DA FOTO CELULA COM AVARIAÇÃO;MANUTENÇÃO REALIZANDO AJUSTES
92;FRIG. AURORA CASTRO;40;FATIADOS;A;09/01/2026;16549;PRESUNTO COZIDO FATIADO BOUA (MI);2;NÃO PROGRAMADA;P46;MANUTENÇÃO MECÂNICA;;1;TERMOFORMADORA;06:50;07:30;  0,66666667;                384,000;OS 99805 SENSOR DA FOTO CELULA COM AVARIAÇÃO;MANUTENÇÃO REALIZANDO AJUSTES
92;FRIG. AURORA CASTRO;40;FATIADOS;A;09/01/2026;16549;PRESUNTO COZIDO FATIADO BOUA (MI);2;NÃO PROGRAMADA;P46;MANUTENÇÃO MECÂNICA;;1;TERMOFORMADORA;07:40;08:15;  0,58333333;                336,000;OS 99863 TROCA DE CANTO DE CORTE DA TEXTOR;MANUTENÇÃO REALIZOU TROCA
92;FRIG. AURORA CASTRO;40;FATIADOS;A;10/01/2026;16549;PRESUNTO COZIDO FATIADO BOUA (MI);2;NÃO PROGRAMADA;P46;MANUTENÇÃO MECÂNICA;;1;TERMOFORMADORA;07:20;09:25;  2,08333333;              1.200,000;OS 99994 SENSOR DA FOTOCELULA COM AVARIA NA POSIÇÃO NÃO ALCANÇANDO LIMITE;MANUTENÇÃO REALOZANDO AJUSTES
92;FRIG. AURORA CASTRO;40;FATIADOS;A;10/01/2026;16549;PRESUNTO COZIDO FATIADO BOUA (MI);2;NÃO PROGRAMADA;P46;MANUTENÇÃO MECÂNICA;;1;TERMOFORMADORA;10:06;12:00;  1,90000000;              1.094,400;OS 99994 SENSOR DA FOTOCELULA COM AVARIA NA POSIÇÃO NÃO ALCANÇANDO LIMITE;MANUTENÇÃO REALIZANDO AJUSTES
92;FRIG. AURORA CASTRO;40;FATIADOS;A;12/01/2026;16549;PRESUNTO COZIDO FATIADO BOUA (MI);2;NÃO PROGRAMADA;P46;MANUTENÇÃO MECÂNICA;;1;TERMOFORMADORA;06:07;08:00;  1,88333333;              1.084,800;OS 100137 PEÇAS PARA AFIAR FACÃO QUEBRADA;MANUTENÇÃO REALIZOU AJUSTES
92;FRIG. AURORA CASTRO;40;FATIADOS;A;12/01/2026;16549;PRESUNTO COZIDO FATIADO BOUA (MI);2;NÃO PROGRAMADA;P46;MANUTENÇÃO MECÂNICA;;1;TERMOFORMADORA;13:45;14:21;  0,60000000;                345,600;OS100115 ESTOUROU A CONEXÃO DA TEXTOR;MANUTENÇÃO REALIZOU AJUSTES
92;FRIG. AURORA CASTRO;40;FATIADOS;A;13/01/2026;723;PRESUNTO COZIDO DEFUMADO FATIADO - AURORA PREMIUM;2;NÃO PROGRAMADA;P46;MANUTENÇÃO MECÂNICA;;1;TERMOFORMADORA;13:38;14:21;  0,71666667;                371,520;OS 100431FALHA NA SELAGEM MULTIVAC;MANUTENÇÃO REALIZOU AJUSTES
92;FRIG. AURORA CASTRO;40;FATIADOS;A;14/01/2026;16549;PRESUNTO COZIDO FATIADO BOUA (MI);2;NÃO PROGRAMADA;P46;MANUTENÇÃO MECÂNICA;;1;TERMOFORMADORA;06:10;07:00;  0,83333333;                480,000;OS 100473 MAQUINA NÃO EXTRAI VACUO;MANUTENÇÃO REALIZANDO AJUSTES
92;FRIG. AURORA CASTRO;40;FATIADOS;A;14/01/2026;16549;PRESUNTO COZIDO FATIADO BOUA (MI);2;NÃO PROGRAMADA;P46;MANUTENÇÃO MECÂNICA;;1;TERMOFORMADORA;07:20;09:50;  2,50000000;              1.440,000;OS 100472 MOVIMENTADOR DE DATA TORTO (DATA SAINDO FORA DO LUGAR);MANUTENÇÃO REALIZOU AJUSTES
92;FRIG. AURORA CASTRO;40;FATIADOS;A;14/01/2026;16549;PRESUNTO COZIDO FATIADO BOUA (MI);2;NÃO PROGRAMADA;P46;MANUTENÇÃO MECÂNICA;;1;TERMOFORMADORA;10:10;10:15;  0,08333333;                 48,000;OS 100472 MOVIMENTADOR DE DATA TORTO (DATA SAINDO FORA DO LUGAR);MANTENÇÃO REALIZOU AJUSTES
92;FRIG. AURORA CASTRO;40;FATIADOS;B;05/01/2026;16625;COPA FATIADA ALEGRA 100G (MI);2;NÃO PROGRAMADA;P46;MANUTENÇÃO MECÂNICA;;5;FATIADORA TEXTOR;15:40;15:48;  0,13333333;                 20,000;O.S 98872 - FALHA NOS INVERSORES;ABERTA ORDEM DE SERVIÇO E COMUNICADO MANUTENÇAO
92;FRIG. AURORA CASTRO;40;FATIADOS;B;07/01/2026;16549;PRESUNTO COZIDO FATIADO BOUA (MI);2;NÃO PROGRAMADA;P46;MANUTENÇÃO MECÂNICA;;1;TERMOFORMADORA;23:20;23:42;  0,36666667;                211,200;O.S 99570 - ESTEIRA DA TEXTOR SAIU DA POSIÇAO;ABERTO ORDEM DE SERVIÇO E COMUNICADO MANUTENÇAO
92;FRIG. AURORA CASTRO;40;FATIADOS;B;08/01/2026;16549;PRESUNTO COZIDO FATIADO BOUA (MI);2;NÃO PROGRAMADA;P46;MANUTENÇÃO MECÂNICA;;1;TERMOFORMADORA;16:35;17:00;  0,41666667;                240,000;O.S 99731 - ERRO NO SENSOR DO FREIO;ABERTO ORDEM DE SERVIÇO E COMUNICADO MANUTENÇAO
92;FRIG. AURORA CASTRO;40;FATIADOS;B;08/01/2026;16549;PRESUNTO COZIDO FATIADO BOUA (MI);2;NÃO PROGRAMADA;P46;MANUTENÇÃO MECÂNICA;;1;TERMOFORMADORA;17:00;17:15;  0,25000000;                144,000;O.S 99731 - ERRO NO SENSOR DO FREIO;ABERTO ORDEM DE SERVIÇO E COMUNICADO MANUTENÇAO
92;FRIG. AURORA CASTRO;40;FATIADOS;B;10/01/2026;16549;PRESUNTO COZIDO FATIADO BOUA (MI);2;NÃO PROGRAMADA;P46;MANUTENÇÃO MECÂNICA;;1;TERMOFORMADORA;16:30;17:00;  0,50000000;                288,000;O.S 100004 - VAZAMENTO DE ÁGUA NA FORMAÇÃO;ABERTO ORDEM DE SERVIÇO E COMUNICADO MANUTENÇAO
92;FRIG. AURORA CASTRO;40;FATIADOS;B;10/01/2026;16549;PRESUNTO COZIDO FATIADO BOUA (MI);2;NÃO PROGRAMADA;P46;MANUTENÇÃO MECÂNICA;;1;TERMOFORMADORA;17:00;17:05;  0,08333333;                 48,000;O.S 100004 - VAZAMENTO DE ÁGUA NA FORMAÇÃO;ABERTO ORDEM DE SERVIÇO E COMUNICADO MANUTENÇAO
92;FRIG. AURORA CASTRO;40;FATIADOS;B;10/01/2026;16549;PRESUNTO COZIDO FATIADO BOUA (MI);2;NÃO PROGRAMADA;P46;MANUTENÇÃO MECÂNICA;;1;TERMOFORMADORA;18:50;19:00;  0,16666667;                 96,000;O.S 100011 - PROBLEMA NO FREIO DA TERMOFORMADORA;ABERTO ORDEM DE SERVIÇO E COMUNICADO MANUTENÇAO
92;FRIG. AURORA CASTRO;40;FATIADOS;B;10/01/2026;16549;PRESUNTO COZIDO FATIADO BOUA (MI);2;NÃO PROGRAMADA;P46;MANUTENÇÃO MECÂNICA;;1;TERMOFORMADORA;19:00;19:25;  0,41666667;                240,000;O.S 100011 - PROBLEMA NO FREIO DA TERMOFORMADORA;ABERTO ORDEM DE SERVIÇO E COMUNICADO MANUTENÇAO
92;FRIG. AURORA CASTRO;40;FATIADOS;B;15/01/2026;16549;PRESUNTO COZIDO FATIADO BOUA (MI);2;NÃO PROGRAMADA;P46;MANUTENÇÃO MECÂNICA;;1;TERMOFORMADORA;18:25;19:00;  0,58333333;                336,000;O.S 100825 - ARREBENTOU A CORREIA DA MULTIVAC;ABERTO ORDEM DE SERVIÇO E COMUNICADO MANUTENÇAO
92;FRIG. AURORA CASTRO;40;FATIADOS;B;15/01/2026;16549;PRESUNTO COZIDO FATIADO BOUA (MI);2;NÃO PROGRAMADA;P46;MANUTENÇÃO MECÂNICA;;1;TERMOFORMADORA;19:00;19:20;  0,33333333;                192,000;O.S 100825 - ARREBENTOU A CORREIA DA MULTIVAC;ABERTO ORDEM DE SERVIÇO E COMUNICADO MANUTENÇAO
92;FRIG. AURORA CASTRO;40;FATIADOS;B;15/01/2026;16549;PRESUNTO COZIDO FATIADO BOUA (MI);2;NÃO PROGRAMADA;P46;MANUTENÇÃO MECÂNICA;;1;TERMOFORMADORA;21:20;22:00;  0,66666667;                384,000;O.S 100835 - ESTEIRA DA TEXTOR SAIU DE POSIÇAO;ABERTO ORDEM DE SERVIÇO E COMUNICADO MANUTENÇAO
92;FRIG. AURORA CASTRO;40;FATIADOS;B;15/01/2026;16549;PRESUNTO COZIDO FATIADO BOUA (MI);2;NÃO PROGRAMADA;P46;MANUTENÇÃO MECÂNICA;;1;TERMOFORMADORA;22:00;22:42;  0,70000000;                403,200;O.S 100835 - ESTEIRA DA TEXTOR SAIU DE POSIÇAO;ABERTO ORDEM DE SERVIÇO E COMUNICADO MANUTENÇAO
92;FRIG. AURORA CASTRO;69;EMBALAGEM SECUND.INDUSTRIAL.;A;08/01/2026;16638;BACON MANTA BOUA (MI);2;NÃO PROGRAMADA;P46;MANUTENÇÃO MECÂNICA;;5;VC999 - 1;07:00;07:25;  0,41666667;                327,808;OS 99621 REGUA NÃO ESTA SELANDO;OPORADOR REALIZOU TROCA
92;FRIG. AURORA CASTRO;69;EMBALAGEM SECUND.INDUSTRIAL.;A;09/01/2026;16572;LINGUICA COZIDA RF PAIO CERATTI 3PCS (MI);2;NÃO PROGRAMADA;P46;MANUTENÇÃO MECÂNICA;;4;MULTIVAC F200;05:07;05:45;  0,63333333;                534,533;OS 99901 PLACA DE SELAGEM DANIFICADA;MANUTENÇÃO REALIZOU TROCA
92;FRIG. AURORA CASTRO;69;EMBALAGEM SECUND.INDUSTRIAL.;A;12/01/2026;16654;LINGUICA COZIDA CALABRESA ALEGRA 2,5KG;2;NÃO PROGRAMADA;P46;MANUTENÇÃO MECÂNICA;;3;MULTIVAC 145;05:10;05:29;  0,31666667;                665,000;OS 100097 DETECTOR DE METAL NÃO FUNCIONANDO;MANUTENÇÃO REALIZOU AJUSTES
92;FRIG. AURORA CASTRO;69;EMBALAGEM SECUND.INDUSTRIAL.;A;13/01/2026;16598;LINGUICA COZIDA CALABRESA ALEGRA 2 PCS;2;NÃO PROGRAMADA;P46;MANUTENÇÃO MECÂNICA;;4;MULTIVAC F200;05:07;05:31;  0,40000000;                386,000;OS PISTÃO DA FACA RETA NÃO SOBE;MANUTENÇÃO REALIZOU AJUSTES
92;FRIG. AURORA CASTRO;69;EMBALAGEM SECUND.INDUSTRIAL.;B;06/01/2026;16675;PERNIL DEFUMADO ALEGRA;2;NÃO PROGRAMADA;P46;MANUTENÇÃO MECÂNICA;;4;MULTIVAC F200;17:10;17:25;  0,25000000;                256,750;O.S 99206 - PROBLEMA NA SELAGEM DA F200;ABERTO ORDEM DE SERVIÇO E COMUNICADO MANUTENÇAO
92;FRIG. AURORA CASTRO;69;EMBALAGEM SECUND.INDUSTRIAL.;B;06/01/2026;16675;PERNIL DEFUMADO ALEGRA;2;NÃO PROGRAMADA;P46;MANUTENÇÃO MECÂNICA;;4;MULTIVAC F200;17:45;18:00;  0,25000000;                256,750;O.S 99210 - FACA RETA COM PROBLEMAS;ABERTO ORDEM DE SERVIÇO E COMUNICADO MANUTENÇAO
92;FRIG. AURORA CASTRO;69;EMBALAGEM SECUND.INDUSTRIAL.;B;08/01/2026;576;LINGUICA TIPO CALABRESA - AURORA - 2,5KG;2;NÃO PROGRAMADA;P46;MANUTENÇÃO MECÂNICA;;5;VC999 - 1;18:00;18:16;  0,26666667;                302,357;O.S 99740 - ESTÁ QUEIMADO UM LADO DA VC999;ABERTO ORDEM DE SERVIÇO E COMUNICADO MANUTENÇAO
92;FRIG. AURORA CASTRO;69;EMBALAGEM SECUND.INDUSTRIAL.;B;08/01/2026;16654;LINGUICA COZIDA CALABRESA ALEGRA 2,5KG;2;NÃO PROGRAMADA;P46;MANUTENÇÃO MECÂNICA;;3;MULTIVAC 145;18:20;18:25;  0,08333333;                175,000;O.S 99744 - TROCA DE GUARNIÇAO DA CAIXA DE FORMAÇAO DA R145;ABERTO ORDEM DE SERVIÇO E COMUNICADO MANUTENÇAO
92;FRIG. AURORA CASTRO;69;EMBALAGEM SECUND.INDUSTRIAL.;B;08/01/2026;16598;LINGUICA COZIDA CALABRESA ALEGRA 2 PCS;2;NÃO PROGRAMADA;P46;MANUTENÇÃO MECÂNICA;;4;MULTIVAC F200;18:30;18:37;  0,11666667;                112,583;O.S 99739 - CALIBRAR DETECTOR DE METAL DA F200;ABERTO ORDEM DE SERVIÇO E COMUNICADO MANUTENÇAO
92;FRIG. AURORA CASTRO;69;EMBALAGEM SECUND.INDUSTRIAL.;B;09/01/2026;16654;LINGUICA COZIDA CALABRESA ALEGRA 2,5KG;2;NÃO PROGRAMADA;P46;MANUTENÇÃO MECÂNICA;;3;MULTIVAC 145;15:35;16:00;  0,41666667;                875,000;ORDEM N° 99951 CAIXA DE FORMAÇÃO ESTAVA FURANDO OS PACOTES;SETOR DE MANUTENÇÃO REALIZOU OS AJUSTES NECESSÁRIOS
92;FRIG. AURORA CASTRO;69;EMBALAGEM SECUND.INDUSTRIAL.;B;09/01/2026;16654;LINGUICA COZIDA CALABRESA ALEGRA 2,5KG;2;NÃO PROGRAMADA;P46;MANUTENÇÃO MECÂNICA;;3;MULTIVAC 145;16:00;16:15;  0,25000000;                525,000;ORDEM N°99951 CAIXA DE FORMAÇÃO ESTAVA FURANDO OS PACOTES;SETOR DE MANUTENÇÃO REALIZOU OS AJUSTES NECESSÁRIOS
92;FRIG. AURORA CASTRO;69;EMBALAGEM SECUND.INDUSTRIAL.;B;09/01/2026;576;LINGUICA TIPO CALABRESA - AURORA - 2,5KG;2;NÃO PROGRAMADA;P46;MANUTENÇÃO MECÂNICA;;5;VC999 - 1;16:50;17:00;  0,16666667;                188,973;ORDEM N°99938 ESTEIRA DE PLASTICO NÃO ESTAVA FUNCIONANDO DEVIDO AO SENSOR.;SETOR DE MANUTENÇÃO REALIZOU OS AJUSTES NECESSÁRIOS
92;FRIG. AURORA CASTRO;69;EMBALAGEM SECUND.INDUSTRIAL.;B;09/01/2026;576;LINGUICA TIPO CALABRESA - AURORA - 2,5KG;2;NÃO PROGRAMADA;P46;MANUTENÇÃO MECÂNICA;;3;MULTIVAC 145;20:34;21:00;  0,43333333;                910,000;O.S 99951 PROBLEMA NA CAIXA DE FORMAÇÃO;ABERTO ORDEM DE SERVIÇO PARA MANUTENÇÃO
92;FRIG. AURORA CASTRO;69;EMBALAGEM SECUND.INDUSTRIAL.;B;15/01/2026;16675;PERNIL DEFUMADO ALEGRA;2;NÃO PROGRAMADA;P46;MANUTENÇÃO MECÂNICA;;4;MULTIVAC F200;16:54;17:00;  0,10000000;                102,700;O.S 100811 - FALHA NA FACA CIRCULAR DA F200;ABERTO ORDEM DE SERVIÇO E COMUNICADO MANUTENÇAO
92;FRIG. AURORA CASTRO;69;EMBALAGEM SECUND.INDUSTRIAL.;B;15/01/2026;16675;PERNIL DEFUMADO ALEGRA;2;NÃO PROGRAMADA;P46;MANUTENÇÃO MECÂNICA;;4;MULTIVAC F200;17:00;17:19;  0,31666667;                325,217;O.S 100811 - FALHA NA FACA CIRCULAR DA F200;ABERTO ORDEM DE SERVIÇO E COMUNICADO MANUTENÇAO
92;FRIG. AURORA CASTRO;72;MEZANINO;A;05/01/2026;;;2;NÃO PROGRAMADA;P46;MANUTENÇÃO MECÂNICA;;2;NORIA MEZANINO;07:00;07:03;  0,05000000;                 21,000;O.s 98763 falha na nórea de subida de carcaças ;Comunicado a manutenção 
92;FRIG. AURORA CASTRO;72;MEZANINO;A;05/01/2026;;;2;NÃO PROGRAMADA;P45;MANUTENÇÃO ELÉTRICA;;2;NORIA MEZANINO;10:10;10:13;  0,05000000;                 21,000;O.s 98814 motor do disco de corte da mesa da paleta no mezanino está desarmando ;Comunicado a manutenção 
92;FRIG. AURORA CASTRO;72;MEZANINO;A;05/01/2026;;;2;NÃO PROGRAMADA;P46;MANUTENÇÃO MECÂNICA;;2;NORIA MEZANINO;13:15;13:18;  0,05000000;                 21,000;O.s guia do pulmão da nórea de derrubada está segurando carcaças ;Comunicado a manutenção 
92;FRIG. AURORA CASTRO;72;MEZANINO;A;06/01/2026;;;2;NÃO PROGRAMADA;P45;MANUTENÇÃO ELÉTRICA;;2;NORIA MEZANINO;10:15;10:18;  0,05000000;                 21,000;O.s 99152  painel das câmaras fria está desarmando ;Comunicado a manutenção para verificar o problema 
92;FRIG. AURORA CASTRO;72;MEZANINO;A;06/01/2026;;;2;NÃO PROGRAMADA;P46;MANUTENÇÃO MECÂNICA;;2;NORIA MEZANINO;12:50;12:53;  0,05000000;                 21,000;O.s 99186 carcaça enroscada no pulmão de subida da câmara fria ;Comunicado a manutenção 
92;FRIG. AURORA CASTRO;72;MEZANINO;A;06/01/2026;;;2;NÃO PROGRAMADA;P46;MANUTENÇÃO MECÂNICA;;2;NORIA MEZANINO;13:05;13:10;  0,08333333;                 35,000;O.s 99187 esteira de transporte da barriga desarmando no mezanino ;Comunicado a manutenção 
92;FRIG. AURORA CASTRO;72;MEZANINO;A;07/01/2026;;;2;NÃO PROGRAMADA;P46;MANUTENÇÃO MECÂNICA;;2;NORIA MEZANINO;06:15;06:18;  0,05000000;                 21,000;O.s 99284 motor da esteira da nórea de derrubada parou ;Comunicado a manutenção 
92;FRIG. AURORA CASTRO;72;MEZANINO;A;07/01/2026;;;2;NÃO PROGRAMADA;P46;MANUTENÇÃO MECÂNICA;;2;NORIA MEZANINO;06:31;06:38;  0,11666667;                 49,000;O.s 99284 motor da esteira da nórea de derrubada parou ;Comunicado a manutenção 
92;FRIG. AURORA CASTRO;72;MEZANINO;A;07/01/2026;;;2;NÃO PROGRAMADA;P46;MANUTENÇÃO MECÂNICA;;2;NORIA MEZANINO;13:10;13:11;  0,01666667;                  7,000;O.s 99333 falta de gancho na nórea de derrubada do mezanino ;Comunicado a manutenção 
92;FRIG. AURORA CASTRO;72;MEZANINO;A;07/01/2026;;;2;NÃO PROGRAMADA;P46;MANUTENÇÃO MECÂNICA;;2;NORIA MEZANINO;14:40;14:44;  0,06666667;                 28,000;99506 - Motor do disco de corte do carré desarmando ;Aberta a O.S e comunicado a manutenção para rearmar o motor 
92;FRIG. AURORA CASTRO;72;MEZANINO;A;07/01/2026;;;2;NÃO PROGRAMADA;P46;MANUTENÇÃO MECÂNICA;;2;NORIA MEZANINO;15:10;15:15;  0,08333333;                 35,000;99507 -  Esteira que transporta barriga arrebentou ;Aberta a O.s e comunicado a manutenção para arrumar a esteira 
92;FRIG. AURORA CASTRO;72;MEZANINO;A;08/01/2026;;;2;NÃO PROGRAMADA;P46;MANUTENÇÃO MECÂNICA;;2;NORIA MEZANINO;08:13;08:17;  0,06666667;                 28,000;O.s 99628 esteira do carré arrebentou ;Aberto ordem de serviço e acionado a manutenção 
92;FRIG. AURORA CASTRO;72;MEZANINO;A;08/01/2026;;;2;NÃO PROGRAMADA;P46;MANUTENÇÃO MECÂNICA;;2;NORIA MEZANINO;08:30;08:37;  0,11666667;                 49,000;O.s 99628 esteira do carré arrebentou;Comunicado a manutenção 
92;FRIG. AURORA CASTRO;72;MEZANINO;A;08/01/2026;;;2;NÃO PROGRAMADA;P46;MANUTENÇÃO MECÂNICA;;2;NORIA MEZANINO;10:00;10:04;  0,06666667;                 28,000;O.s 99670 falha na chave da câmara 03 ;Comunicado a manutenção 
92;FRIG. AURORA CASTRO;72;MEZANINO;A;12/01/2026;;;2;NÃO PROGRAMADA;P46;MANUTENÇÃO MECÂNICA;;2;NORIA MEZANINO;09:40;09:52;  0,20000000;                 84,000;100091 - Chave do trilho da câmara 04 fora de posição ;Aberta a O.s e comunicado a manutenção para ajustar a chave 
