Emitente;Nome fantasia emitente;Nota;Série;Modelo;Total Nota;Data emissão;Data vencimento;Ctrle;Unidade;Nome unidade;Unidade autorização;Nome unidade autorização;Centro atividade;Nome centro atividade;Situação;Situação;Nome usuário;Data inclusão;Observações;Observações CSC;Data autorização;Observações autorização;Data ult sit fechada;Autorizador;LANCAMENTO TESF0028
78706751/0014-30;TRANSPEN ENCOMENDAS;170433;1;57;282,98;08/01/2026;29/01/2026;5;92;FAC;92;FAC;1155;ENGENHARIA E MANUTENCAO;AGUARDANDO AUTORIZAÇÃO;Solicitação aguardando autorização de:  CRISTIANO RODEGHIERO MOREIRA | ADRIANO TOMALOK | VANESSA CORREA DE MORAES MARTINI | ;ADRIANA APARECIDA DOS SANTOS;13/01/2026;REFERENTE ENVIO PARA CONSERTO;;13/01/2026;;;;
00428307/0012-40;EXPRESSO SAO MIGUEL S/A;192251;11;57;503;06/01/2026;27/01/2026;7;92;FAC;92;FAC;1155;ENGENHARIA E MANUTENCAO;AGUARDANDO AUTORIZAÇÃO;Solicitação aguardando autorização de:  CRISTIANO RODEGHIERO MOREIRA | ADRIANO TOMALOK | VANESSA CORREA DE MORAES MARTINI | ;ADRIANA APARECIDA DOS SANTOS;13/01/2026;REFERENTE ENVIO PARA CONSERTO;;13/01/2026;;;;
92753268/0052-62;STEMAC S/A - GRUPO GERADORES;194071;1;55;924,57;02/01/2026;16/02/2026;11;92;FAC;92;FAC;1155;ENGENHARIA E MANUTENCAO;AGUARDANDO AUTORIZAÇÃO;Solicitação aguardando autorização de:  CRISTIANO RODEGHIERO MOREIRA | ADRIANO TOMALOK | VANESSA CORREA DE MORAES MARTINI | ;WILLIAN MARCONDES DOS SANTOS;13/01/2026;GERADOR DE ENERGIA ESTÁ MISTURANDO ÁGUA NO ÓLEO LUBRIFICANTE DO MOTOR DO GERADOR, NECESSIDADE DE REPARO.;;13/01/2026;;;;
02427026/0009-01;ALIANÇA NAVEGAÇÃO E LOGISTICA LTDA;186530;4;57;9.994,86;23/12/2025;23/01/2026;21;92;FAC;28;U.V. RECIFE/CB.ST.AG;698;LOGISTICA SECUNDARIA A;AGUARDANDO AUTORIZAÇÃO;Solicitação aguardando autorização de:  DIRCEU ANGNES | GISELE BRUZZI PORTO | MICHAEL DUARTE DA LUZ | BRUNO BEZERRA DE ALMEIDA | SAMUEL PACHECO DA SILVA | FELIPE DE MENEZES BEZERRA CAMPOS | ;JEVSON JOSE ALVES FEITOSA;13/01/2026;REFERENTE A CARGA 14305691 NF 042875 NF 042876 NF 042877;;13/01/2026;;;;
10741822/0001-87;MEGA GUINDASTES LTDA;10704;;;8.500,00;12/01/2026;12/02/2026;1;92;FAC;92;FAC;1155;ENGENHARIA E MANUTENCAO;AUTORIZADA;Solicitação autorizada por: VANESSA CORREA DE MORAES MARTINI em: 13/01/2026 16:13:20 ;FRANCILEI SOUZA ALVES;13/01/2026;SERVIÇO DE LOCAÇÃO DE GUINDASTE 70T.;;13/01/2026;;;VANESSA CORREA DE MORAES MARTINI;
18114725/0001-76;PMP LAMINAS;1618;;;15.346,53;12/12/2025;15/01/2026;32;92;FAC;92;FAC;1155;ENGENHARIA E MANUTENCAO;AGUARDANDO AUTORIZAÇÃO;Solicitação aguardando autorização de:  CRISTIANO RODEGHIERO MOREIRA | ADRIANO TOMALOK | VANESSA CORREA DE MORAES MARTINI | ;FRANCILEI SOUZA ALVES;13/01/2026;SERVIÇO DE CONSERTO DE MÁQUINA SKINNER MAREL.;;13/01/2026;;;;
52025018/0001-41;CONSTRUTORA DE PAULA;392;;;16.900,00;07/01/2026;07/02/2026;6;92;FAC;92;FAC;1155;ENGENHARIA E MANUTENCAO;AGUARDANDO AUTORIZAÇÃO;Solicitação aguardando autorização de:  CRISTIANO RODEGHIERO MOREIRA | ADRIANO TOMALOK | VANESSA CORREA DE MORAES MARTINI | ;FRANCILEI SOUZA ALVES;13/01/2026;PREPARAÇÃO E PINTURA DE SUPERFÍCIE, EM EPÓXI BRANCO (450 M²)PREPARAÇÃO E PINTURA DE RODAPÉS, EM EPÓXI CINZA (100 M²)PINTURA INTERNA E EXTERNA DE PORTAS, NA COR AMARELA (15 UN.)PREPARAÇÃO E PINTURA DE VENTILADORES TIPO AVIÁRIO, NA COR CINZA (20 UN.);;13/01/2026;;;;
00428307/0012-40;EXPRESSO SAO MIGUEL S/A;192252;11;57;1.073,00;06/01/2026;27/01/2026;7;92;FAC;92;FAC;1155;ENGENHARIA E MANUTENCAO;AUTORIZADA;Solicitação autorizada por: VANESSA CORREA DE MORAES MARTINI em: 13/01/2026 16:14:03 ;ADRIANA APARECIDA DOS SANTOS;13/01/2026;REFERENTE ENVIO PARA CONSERTO;;13/01/2026;;;VANESSA CORREA DE MORAES MARTINI;
51057772/0001-09;JL RIBEIRO SOLUCOES LTDA;57;;;1.400,00;08/01/2026;29/01/2026;5;92;FAC;92;FAC;1759;CONTROLE DE QUALIDADE;AUTORIZADA;Solicitação autorizada por: VANESSA CORREA DE MORAES MARTINI em: 13/01/2026 16:14:02 ;GABRIELLE APARECIDA CARVALHO;13/01/2026;FRETE DE ANÁLISE LABORATORIAL;;13/01/2026;;;VANESSA CORREA DE MORAES MARTINI;
03176066/0001-25;BUSCH DO BRASIL LTDA;122035;2;55;34.581,94;05/01/2026;19/02/2026;8;92;FAC;92;FAC;1155;ENGENHARIA E MANUTENCAO;AGUARDANDO AUTORIZAÇÃO;Solicitação aguardando autorização de:  CRISTIANO RODEGHIERO MOREIRA | ADRIANO TOMALOK | VANESSA CORREA DE MORAES MARTINI | ;WILLIAN MARCONDES DOS SANTOS;13/01/2026;SERVIÇO DE CONSERTO EM MOTOBOMBA DE VÁCUO BUSCH RA 160 SN C1403000182.;;13/01/2026;;;;
28566933/0001-60;METALURGICA BARRA DO PIRAI LTDA;205794;1;55;12.114,29;09/01/2026;13/02/2026;4;92;FAC;92;FAC;1155;ENGENHARIA E MANUTENCAO;AUTORIZADA;Solicitação autorizada por: VANESSA CORREA DE MORAES MARTINI em: 13/01/2026 16:13:45 ;WILLIAN MARCONDES DOS SANTOS;13/01/2026;SERVIÇO DE INSTALAÇÃO DE PORTA FRIGORÍFICA INDUSTRIAL ;;13/01/2026;;;VANESSA CORREA DE MORAES MARTINI;
43096390/0001-58;IMEDIATA EXPRESS CARGAS E LOGISTICA LTDA;5995;5;57;1.680,00;22/12/2025;14/01/2026;22;92;FAC;92;FAC;1155;ENGENHARIA E MANUTENCAO;AUTORIZADA;Solicitação autorizada por: VANESSA CORREA DE MORAES MARTINI em: 13/01/2026 16:14:29 ;ADRIANA APARECIDA DOS SANTOS;13/01/2026;;;13/01/2026;;;VANESSA CORREA DE MORAES MARTINI;
30080685/0001-94;CRONOS LOGISTICS;49861;A1;99;2.353,91;12/01/2026;16/01/2026;1;92;FAC;26;U.V. IMP/EXP ITAJAI;6068;LICENCIAMENTO ME;LANÇADA;Solicitação autorizada por: ALISSON MARCELO DE LIMA em: 13/01/2026 10:08:41 Nota lançada por ADRIANA APARECIDA DOS SANTOS em: 13/01/2026;TIAGO HENRIQUE CORNIANI;13/01/2026;IMPORTAÇÃO 288DI25;;13/01/2026;;13/01/2026 13:38;ALISSON MARCELO DE LIMA;
13938390/0005-10;CROWN LIFT TRUCKS DO BRASIL;19924;1;55;435,94;06/01/2026;20/02/2026;7;92;FAC;92;FAC;1155;ENGENHARIA E MANUTENCAO;AGUARDANDO AUTORIZAÇÃO;Solicitação aguardando autorização de:  CRISTIANO RODEGHIERO MOREIRA | ADRIANO TOMALOK | VANESSA CORREA DE MORAES MARTINI | ;ADRIANA APARECIDA DOS SANTOS;13/01/2026;MANUTENÇÃO REALIZADA NO EQUIPAMENTO 5A832506, NA DATA 05/12/2025 , CONFORME ORÇAMENTO 63132;;13/01/2026;;;;
45698498/0001-46;F&F MANUTENÇÃO DE VÁLVULAS INDUSTRIAIS E PRODUTOS;26;;;13.600,00;06/01/2026;03/02/2026;6;92;FAC;92;FAC;1155;ENGENHARIA E MANUTENCAO;AGUARDANDO AUTORIZAÇÃO;Solicitação aguardando autorização de:  CRISTIANO RODEGHIERO MOREIRA | ADRIANO TOMALOK | VANESSA CORREA DE MORAES MARTINI | ;CAMILA RAMOS;12/01/2026;CONSERTO VÁLVULAS REDUTORAS DE PRESSÃO DE 2¿ POL E VÁLVULAS DE SEGURANÇA 1.1/2¿ POL.;;12/01/2026;;;;
08283039/0001-75;MECANICA INDUSTRIAL VELOTANO;3231;;;7.153,50;05/01/2026;05/02/2026;5;92;FAC;92;FAC;1155;ENGENHARIA E MANUTENCAO;AUTORIZADA;Solicitação autorizada por: VANESSA CORREA DE MORAES MARTINI em: 13/01/2026 16:14:44 ;CAMILA RAMOS;10/01/2026;TORNO - USINAGEM EM CONJUNTO DE PEÇAS (ÊMBOLO E NAVALHAS) DO DOSADOR VOLUMÉTRICO.;;13/01/2026;;;VANESSA CORREA DE MORAES MARTINI;
43376589/0001-30;LM SERVICOS FLORESTAIS;1;;;5.100,00;06/01/2026;06/02/2026;4;92;FAC;92;FAC;1244;OPERACAO ESTACAO TRATAMENTO AGUA;AGUARDANDO AUTORIZAÇÃO;Solicitação aguardando autorização de:  CRISTIANO RODEGHIERO MOREIRA | ADRIANO TOMALOK | VANESSA CORREA DE MORAES MARTINI | ;TIAGO FARIAS DOS SANTOS;10/01/2026;N/F REFERENTE A LIMPEZA DAS CAMADAS FILTRANTES ETA 1;;10/01/2026;;;;
30248458/0001-25;ENEL TRADING BRASIL S/A;220202;1;55;517.941,31;05/01/2026;;4;92;FAC;92;FAC;2054;ADMINISTRACAO;LANÇADA;Solicitação autorizada por: VANESSA CORREA DE MORAES MARTINI em: 09/01/2026 16:48:36 Nota lançada por ADRIANA APARECIDA DOS SANTOS em: 09/01/2026;ADRIANA APARECIDA DOS SANTOS;09/01/2026;REFERENTE ENERGIA ELÉTRICA - ENEL;;09/01/2026;;09/01/2026 16:56;VANESSA CORREA DE MORAES MARTINI;
80373145/0001-77;TOTAL QUIMICA IND.COM.LTDA;61225;1;55;19.124,00;08/01/2026;29/01/2026;1;92;FAC;92;FAC;1155;ENGENHARIA E MANUTENCAO;LANÇADA;Solicitação autorizada por: VANESSA CORREA DE MORAES MARTINI em: 09/01/2026 16:07:17 Nota lançada por WILLIAN MARCONDES DOS SANTOS em: 09/01/2026;WILLIAN MARCONDES DOS SANTOS;09/01/2026;;;09/01/2026;Autorizado automaticamente através do pedido de compra 4464563 em 08/01/2026.;09/01/2026 16:09;VANESSA CORREA DE MORAES MARTINI;
80373145/0001-77;TOTAL QUIMICA IND.COM.LTDA;61180;1;55;54.640,00;07/01/2026;28/01/2026;2;92;FAC;92;FAC;1155;ENGENHARIA E MANUTENCAO;LANÇADA;Solicitação autorizada por: VANESSA CORREA DE MORAES MARTINI em: 09/01/2026 16:03:43 Nota lançada por WILLIAN MARCONDES DOS SANTOS em: 09/01/2026;WILLIAN MARCONDES DOS SANTOS;09/01/2026;;;09/01/2026;Autorizado automaticamente através do pedido de compra 4464562 em 08/01/2026.;09/01/2026 16:04;VANESSA CORREA DE MORAES MARTINI;
01654394/0001-64;USINAGEM;941;;;44.497,50;09/01/2026;09/02/2026;0;92;FAC;92;FAC;1244;OPERACAO ESTACAO TRATAMENTO AGUA;AGUARDANDO AUTORIZAÇÃO;Solicitação aguardando autorização de:  CRISTIANO RODEGHIERO MOREIRA | ADRIANO TOMALOK | VANESSA CORREA DE MORAES MARTINI | ;TIAGO FARIAS DOS SANTOS;09/01/2026;N/F REFERENTE A MANUTENÇÃO E ISNTALAÇÃO AGITADOR DO BIODIGESTOR;;09/01/2026;;;;
76108653/0001-50;KUGLER VEICULOS LTDA;84417;;;1.275,78;09/01/2026;01/02/2026;0;92;FAC;92;FAC;2054;ADMINISTRACAO;PENDENTE;Solicitação está pendente, para prosseguir solicite autorização!;VITOR FERNANDES;09/01/2026;SERVIÇO DA OITAVA REVISÃO - ONIX RYK2H98;;;;;;
60619202/0035-97;MESSER GASES LTDA;11;;;521,95;08/01/2026;08/02/2026;1;92;FAC;92;FAC;1155;ENGENHARIA E MANUTENCAO;AGUARDANDO AUTORIZAÇÃO;Solicitação aguardando autorização de:  CRISTIANO RODEGHIERO MOREIRA | ADRIANO TOMALOK | VANESSA CORREA DE MORAES MARTINI | ;CAMILA RAMOS;09/01/2026;"ASSISTENCIA TÉCNICA DO TANQUE DE CO2. - 112582 - 14441;;09/01/2026;;;;
02427026/0009-01;ALIANÇA NAVEGAÇÃO E LOGISTICA LTDA;186062;4;57;10.008,76;16/12/2025;19/01/2026;24;92;FAC;28;U.V. RECIFE/CB.ST.AG;698;LOGISTICA SECUNDARIA A;LANÇADA;Solicitação autorizada por: MICHAEL DUARTE DA LUZ em: 09/01/2026 15:07:09 Nota lançada por ADRIANA APARECIDA DOS SANTOS em: 09/01/2026;JEVSON JOSE ALVES FEITOSA;09/01/2026;REFERENTE A CARGA  1597214 NF 042315 NF 042316 NF 042317;;09/01/2026;;09/01/2026 16:40;MICHAEL DUARTE DA LUZ;
08283039/0001-75;MECANICA INDUSTRIAL VELOTANO;3223;S;99;1.349,00;01/01/2026;01/02/2026;8;92;FAC;92;FAC;1155;ENGENHARIA E MANUTENCAO;LANÇADA;Solicitação autorizada por: VANESSA CORREA DE MORAES MARTINI em: 09/01/2026 12:00:00 Nota lançada por ADRIANA APARECIDA DOS SANTOS em: 09/01/2026;CAMILA RAMOS;09/01/2026;TORNO - USINAGEM EM EIXO DO MOTOR DA MESA DE REPENDURA.;;09/01/2026;;09/01/2026 16:07;VANESSA CORREA DE MORAES MARTINI;
08283039/0001-75;MECANICA INDUSTRIAL VELOTANO;3218;S;99;1.919,00;01/01/2026;01/02/2026;8;92;FAC;92;FAC;1155;ENGENHARIA E MANUTENCAO;LANÇADA;Solicitação autorizada por: VANESSA CORREA DE MORAES MARTINI em: 09/01/2026 12:00:00 Nota lançada por ADRIANA APARECIDA DOS SANTOS em: 09/01/2026;CAMILA RAMOS;09/01/2026;TORNO - USINAGEM EM EIXO CENTRAL EXTRATORA DE RETO.;;09/01/2026;;09/01/2026 15:48;VANESSA CORREA DE MORAES MARTINI;
46016473/0002-69;ELETROMOTORES BADAN LIMITADA;1414;S;99;666,72;06/01/2026;07/03/2026;2;92;FAC;92;FAC;1155;ENGENHARIA E MANUTENCAO;LANÇADA;Solicitação autorizada por: VANESSA CORREA DE MORAES MARTINI em: 09/01/2026 12:00:00 Nota lançada por ADRIANA APARECIDA DOS SANTOS em: 09/01/2026;FELIPE LOPES CANALLI;08/01/2026;MOTOR TRIPARIA ESTÁGIO 05 - INDO COM PINHÃO OS  95278;;09/01/2026;;09/01/2026 14:49;VANESSA CORREA DE MORAES MARTINI;
05524388/0001-43;SIMAO COMERCIO DE PARAFUSOS LTDA - ME;67689;2;55;16,00;07/01/2026;06/02/2026;1;92;FAC;92;FAC;1155;ENGENHARIA E MANUTENCAO;LANÇADA;Solicitação autorizada por: VANESSA CORREA DE MORAES MARTINI em: 08/01/2026 16:59:45 Nota lançada por WILLIAN MARCONDES DOS SANTOS em: 08/01/2026;WILLIAN MARCONDES DOS SANTOS;08/01/2026;;;08/01/2026;Autorizado automaticamente através do pedido de compra 4463443 em 08/01/2026.;08/01/2026 17:03;VANESSA CORREA DE MORAES MARTINI;
46016473/0002-69;ELETROMOTORES BADAN LIMITADA;1413;S;99;708,99;06/01/2026;07/03/2026;2;92;FAC;92;FAC;1155;ENGENHARIA E MANUTENCAO;LANÇADA;Solicitação autorizada por: VANESSA CORREA DE MORAES MARTINI em: 09/01/2026 11:59:59 Nota lançada por ADRIANA APARECIDA DOS SANTOS em: 09/01/2026;FELIPE LOPES CANALLI;08/01/2026;MOTOR ESTEIRA CMS OS 93930;;09/01/2026;;09/01/2026 15:28;VANESSA CORREA DE MORAES MARTINI;
46016473/0002-69;ELETROMOTORES BADAN LIMITADA;1412;S;99;824,20;05/01/2026;07/03/2026;3;92;FAC;92;FAC;1155;ENGENHARIA E MANUTENCAO;LANÇADA;Solicitação autorizada por: VANESSA CORREA DE MORAES MARTINI em: 09/01/2026 12:00:00 Nota lançada por ADRIANA APARECIDA DOS SANTOS em: 09/01/2026;FELIPE LOPES CANALLI;08/01/2026;MOTOR ESPOSTEJAMENTO  OS 93597;;09/01/2026;;09/01/2026 15:00;VANESSA CORREA DE MORAES MARTINI;
08283039/0001-75;MECANICA INDUSTRIAL VELOTANO;3217;S;99;2.050,00;01/01/2026;01/02/2026;7;92;FAC;92;FAC;1155;ENGENHARIA E MANUTENCAO;LANÇADA;Solicitação autorizada por: VANESSA CORREA DE MORAES MARTINI em: 09/01/2026 12:00:00 Nota lançada por ADRIANA APARECIDA DOS SANTOS em: 09/01/2026;FRANCILEI SOUZA ALVES;08/01/2026;TORNO - SERVIÇO DE USINAGEM DAS ROLDANAS DO TOMBADOR DE CONTENTORES.;;09/01/2026;;09/01/2026 15:30;VANESSA CORREA DE MORAES MARTINI;
00869496/0001-34;METALURGICA BALENA;19888;;;4.240,00;07/01/2026;07/02/2026;1;92;FAC;92;FAC;1155;ENGENHARIA E MANUTENCAO;AGUARDANDO AUTORIZAÇÃO;Solicitação aguardando autorização de:  CRISTIANO RODEGHIERO MOREIRA | ADRIANO TOMALOK | VANESSA CORREA DE MORAES MARTINI | ;FRANCILEI SOUZA ALVES;08/01/2026;FABRICAÇÃO E INSTALAÇÃO DE AGITADOR TANQUE DE LODO ETE;;08/01/2026;;;;
49793963/0001-89;G.P DA LUZ;427;;;37.657,12;02/01/2026;02/02/2026;6;92;FAC;92;FAC;1155;ENGENHARIA E MANUTENCAO;AGUARDANDO AUTORIZAÇÃO;Solicitação aguardando autorização de:  CRISTIANO RODEGHIERO MOREIRA | ADRIANO TOMALOK | VANESSA CORREA DE MORAES MARTINI | ;FRANCILEI SOUZA ALVES;08/01/2026;SERVIÇOS DE ELÉTRICA COMO MONTAGEM DE INFRAS E PASSAGEM DE CABOS, MONTAGEM DE TOMADAS, LIGAÇÃO DE APARELHOS E REFORMA DE PAINEIS ELÉTRICOS. SERVIÇO DE DESLIGAMENTO E REMOÇÃO DE INFRAS INUTILIZADAS QUE ESTÃO OBSOLETAS E SEM USO. TODOS OS SERVIÇOS SERÃO EXECUTADOS DENTRO DA UNIDADE FAC EM DIAS DE SEMANA E FINAIS DE SEMANA;;08/01/2026;;;;
03448670/0001-63;ARGUS COMERCIAL;57169;1;55;513,78;05/01/2026;09/02/2026;3;92;FAC;92;FAC;1155;ENGENHARIA E MANUTENCAO;LANÇADA;Solicitação autorizada por: VANESSA CORREA DE MORAES MARTINI em: 08/01/2026 14:12:26 Nota lançada por BARBARA REGINA LIPPERT em: 09/01/2026;BARBARA REGINA LIPPERT;08/01/2026;MANGEIRA VAPOR PAREDE DUPLA SILICONE 3 COD.SIL-D,RUBBER";;08/01/2026;Autorizado automaticamente através do pedido de compra 4462291 em 05/01/2026.;09/01/2026 14:35;VANESSA CORREA DE MORAES MARTINI;
75210187/0001-57;CARAMCAR;24046;1;55;39,64;08/01/2026;01/02/2026;0;92;FAC;92;FAC;2054;ADMINISTRACAO;LANÇADA;Solicitação autorizada por: VANESSA CORREA DE MORAES MARTINI em: 09/01/2026 17:43:01 Nota lançada por ADRIANA APARECIDA DOS SANTOS em: 12/01/2026;VITOR FERNANDES;08/01/2026;LAMPADA H4 FAROL - ONIX RXS7C66;;09/01/2026;;12/01/2026 09:00;VANESSA CORREA DE MORAES MARTINI;
02427026/0009-01;ALIANÇA NAVEGAÇÃO E LOGISTICA LTDA;185654;4;57;10.007,41;10/12/2025;18/01/2026;29;92;FAC;28;U.V. RECIFE/CB.ST.AG;698;LOGISTICA SECUNDARIA A;LANÇADA;Solicitação autorizada por: MICHAEL DUARTE DA LUZ em: 08/01/2026 14:26:11 Nota lançada por ADRIANA APARECIDA DOS SANTOS em: 08/01/2026;JEVSON JOSE ALVES FEITOSA;08/01/2026;REFERENTE A CARGA 14249074 NF 041944 NF 041943;;08/01/2026;;08/01/2026 15:08;MICHAEL DUARTE DA LUZ;
08283039/0001-75;MECANICA INDUSTRIAL VELOTANO;3219;S;99;1.700,50;01/01/2026;01/02/2026;6;92;FAC;92;FAC;1155;ENGENHARIA E MANUTENCAO;LANÇADA;Solicitação autorizada por: VANESSA CORREA DE MORAES MARTINI em: 07/01/2026 16:30:55 Nota lançada por ADRIANA APARECIDA DOS SANTOS em: 08/01/2026;FRANCILEI SOUZA ALVES;07/01/2026;TORNO -  USINAGEM EM CONJUNTO ACIONADOR DA FACA DA PISTOLA DO RETO.;;07/01/2026;;08/01/2026 14:08;VANESSA CORREA DE MORAES MARTINI;
91831016/0001-00;ARTEFATOS DE BORRACHA PCR LTDA;4482;S;99;9.177,17;16/12/2025;16/01/2026;22;92;FAC;92;FAC;1155;ENGENHARIA E MANUTENCAO;LANÇADA;Solicitação autorizada por: VANESSA CORREA DE MORAES MARTINI em: 07/01/2026 16:30:44 Nota lançada por ADRIANA APARECIDA DOS SANTOS em: 08/01/2026;FRANCILEI SOUZA ALVES;07/01/2026;SERVIÇO DE MATERIAL E MÃO DE OBRA PARA REFORMA DE CILINDROS DE TRAÇÃO DO EQUIPAMENTO MÁQUINA DE TRIPAS.;;07/01/2026;;08/01/2026 14:38;VANESSA CORREA DE MORAES MARTINI;
08050646/0001-95;AUTO POSTO SUL PARANA LTDA;75753;1;55;968,21;01/01/2026;;6;92;FAC;92;FAC;728;GESTAO DE VEICULOS;LANÇADA;Solicitação autorizada por: VANESSA CORREA DE MORAES MARTINI em: 07/01/2026 16:08:38 Nota lançada por ADRIANA APARECIDA DOS SANTOS em: 08/01/2026;RODRIGO WALTER;07/01/2026;REFERENTE ABASTECIMENTO DOS VEÍCULOS DA FROTA DA UNIDADE;;07/01/2026;;08/01/2026 08:39;VANESSA CORREA DE MORAES MARTINI;
05315545/0001-00;LABORATORIO DE EMISSOES ATMOSFÉRICAS E QUALIDADE DO AR;2274;S;99;1.740,00;04/12/2025;30/01/2026;34;92;FAC;92;FAC;1244;OPERACAO ESTACAO TRATAMENTO AGUA;LANÇADA;Solicitação autorizada por: VANESSA CORREA DE MORAES MARTINI em: 07/01/2026 16:30:44 Nota lançada por ADRIANA APARECIDA DOS SANTOS em: 08/01/2026;TIAGO FARIAS DOS SANTOS;07/01/2026;N/F REFERENTE A ANÁLISES DE RUIDOS EXTERNO;;07/01/2026;;08/01/2026 14:19;VANESSA CORREA DE MORAES MARTINI;
76108653/0001-50;KUGLER VEICULOS LTDA;156668;1;55;1.835,06;06/01/2026;;1;92;FAC;92;FAC;728;GESTAO DE VEICULOS;LANÇADA;Solicitação autorizada por: VANESSA CORREA DE MORAES MARTINI em: 07/01/2026 16:08:38 Nota lançada por ADRIANA APARECIDA DOS SANTOS em: 08/01/2026;RODRIGO WALTER;07/01/2026;REVISÃO DOS 80.000KM VEICULO RYK2H98 - ONIX;;07/01/2026;;08/01/2026 13:48;VANESSA CORREA DE MORAES MARTINI;
04368898/0001-06;COPEL DISTRIBUICAO S.A.;207364223;3;66;19.096,72;23/12/2025;10/01/2026;15;92;FAC;92;FAC;1155;ENGENHARIA E MANUTENCAO;LANÇADA;Solicitação autorizada por: VANESSA CORREA DE MORAES MARTINI em: 07/01/2026 16:08:18 Nota lançada por ADRIANA APARECIDA DOS SANTOS em: 08/01/2026;ADRIANA APARECIDA DOS SANTOS;07/01/2026;FATURA COPEL;;07/01/2026;;08/01/2026 08:31;VANESSA CORREA DE MORAES MARTINI;
18597494/0001-07;DR SOLUCOES AMBIENTAIS;6490;U;99;3.397,50;06/01/2026;06/02/2026;1;92;FAC;92;FAC;1155;ENGENHARIA E MANUTENCAO;LANÇADA;Solicitação autorizada por: VANESSA CORREA DE MORAES MARTINI em: 07/01/2026 16:30:21 Nota lançada por ADRIANA APARECIDA DOS SANTOS em: 09/01/2026;FRANCILEI SOUZA ALVES;07/01/2026;O.S 16780 LIMPEZA DAS CAIXAS DE GORDURA DO RESTAURANTE;;07/01/2026;;09/01/2026 10:18;VANESSA CORREA DE MORAES MARTINI;
48071377/0001-68;QUIMIS APARELHOS CIENTIF.LTDA;24839;S;99;1.017,28;01/12/2025;08/01/2026;37;92;FAC;92;FAC;1155;ENGENHARIA E MANUTENCAO;LANÇADA;Solicitação autorizada por: VANESSA CORREA DE MORAES MARTINI em: 07/01/2026 16:30:44 Nota lançada por ADRIANA APARECIDA DOS SANTOS em: 08/01/2026;FRANCILEI SOUZA ALVES;07/01/2026;SERVIÇO DE MANUTENÇÃO EM EQUIPAMENTO BANHO MARIA MICROPROCESSADO MOD.Q215M2;;07/01/2026;;08/01/2026 14:54;VANESSA CORREA DE MORAES MARTINI;
18597494/0001-07;DR SOLUCOES AMBIENTAIS;6492;U;99;1.910,00;06/01/2026;06/02/2026;1;92;FAC;92;FAC;1244;OPERACAO ESTACAO TRATAMENTO AGUA;LANÇADA;Solicitação autorizada por: VANESSA CORREA DE MORAES MARTINI em: 07/01/2026 16:30:14 Nota lançada por ADRIANA APARECIDA DOS SANTOS em: 08/01/2026;TIAGO FARIAS DOS SANTOS;07/01/2026;LIMPEZA TANQUE DE GORDURA ETE PARA INSTALÇÃO DE AGITADOR;;07/01/2026;;08/01/2026 09:00;VANESSA CORREA DE MORAES MARTINI;
23502259/0001-36;DELTA SERVIÇOS INDUSTRIAIS LTDA-ME;1855;S;99;2.750,00;02/01/2026;02/02/2026;5;92;FAC;92;FAC;1155;ENGENHARIA E MANUTENCAO;LANÇADA;Solicitação autorizada por: CRISTIANO RODEGHIERO MOREIRA em: 07/01/2026 07:54:28 Nota lançada por ADRIANA APARECIDA DOS SANTOS em: 07/01/2026;CAMILA RAMOS;07/01/2026;SERVIÇO DE MÃO DE OBRA PARA REALIZAÇÃO DE ANÁLISES DE VIBRAÇÃO EM EQUIPAMENTOS E MÁQUINAS, VERIFICANDO A VIDA ÚTIL DOS ROLAMENTOS DE BOMBAS, MOTORES E REDUTORES. OBS: SERVIÇO DEVERÁ SER REALIZADO 1X POR MÊS DE JANEIRO A DEZEMBRO DE 2025, A CADA VISITA DEVERÁ SER APRESENTADO RELATÓRIOS DE DIAGNÓSTICOS E DE ALARMES COM OS HISTÓRICOS DAS ANÁLISES.;;07/01/2026;;07/01/2026 09:30;CRISTIANO RODEGHIERO MOREIRA;
49172605/0001-59;THOMAZ & BARONI MONTAGENS ( T&B);200;;;4.240,00;05/01/2026;05/02/2026;2;92;FAC;92;FAC;1155;ENGENHARIA E MANUTENCAO;AGUARDANDO AUTORIZAÇÃO;Solicitação aguardando autorização de:  CRISTIANO RODEGHIERO MOREIRA | ADRIANO TOMALOK | VANESSA CORREA DE MORAES MARTINI | ;CAMILA RAMOS;07/01/2026;"SOLDAS SANITÁRIAS EM ESTRUTURAS DEEQUIPAMENTOS DO SETOR DE EMBALAGEM PRIMÁRIA INDÚSTRIA E INDUSTRIALIZADOS, SETOR DE EMBUT-COZIDOS E SETOR DE PRESUMTARIA.;;08/01/2026;;;;
00869496/0001-34;METALURGICA BALENA;19846;S;99;17.000,00;05/01/2026;19/02/2026;2;92;FAC;92;FAC;1155;ENGENHARIA E MANUTENCAO;LANÇADA;Solicitação autorizada por: CRISTIANO RODEGHIERO MOREIRA em: 07/01/2026 07:54:28 Nota lançada por ADRIANA APARECIDA DOS SANTOS em: 07/01/2026;CAMILA RAMOS;07/01/2026;MAO DE OBRA PARA ADEQUAÇÃO EM TRÊS LIMPADORES DE PÉS SENDO REDUÇÃO DA BANDEJA, ALTERAR POSIÇÃO DOS PÉS E BACIA DE COLETA DE ESGOTO. REALIZAR CORTE E SOLDA DA ESTRUTURA PARA DEIXAR O QUADRO DE COMANDO NO MENOR ESPAÇO PSOSSIVEL.  RETIRAR O QUADRO SUPORTE PARA BACIAS DE MONOBLOCO CONFORME SOLICITADO PARA VIABILIZAR ESPAÇO NO SETOR.REALIZAR ACABAMENTO COM JATEAMENTO NO INOX. SERVIÇO A SER EXECUTADO FORA DA UNIDADE. """;;07/01/2026;;07/01/2026 09:05;CRISTIANO RODEGHIERO MOREIRA;
00869496/0001-34;METALURGICA BALENA;19847;S;99;10.200,00;05/01/2026;19/02/2026;2;92;FAC;92;FAC;1155;ENGENHARIA E MANUTENCAO;LANÇADA;Solicitação autorizada por: CRISTIANO RODEGHIERO MOREIRA em: 07/01/2026 07:54:28 Nota lançada por ADRIANA APARECIDA DOS SANTOS em: 07/01/2026;CAMILA RAMOS;07/01/2026;SERVIÇO DE MANUTENÇÃO E ADEQUAÇÃO DA ESTEIRA QUE ESTAVA NO DEPÓSITO PARA COLOCAÇÃO NA SALA DE LIMPEZA DE PÉS. REVISAR MANCAIS E REDUZIR COMPRIMENTO PARA 3.000 MM. REALIZAR REPARO NOS PÉS DA ESTEIRA E ADEQUAR PARA ALTURA ERGONÔMICA DE 900 MM. REALIZAR AJUSTE NOS ROLOS DE TRAÇÃO DA ESTEIRA E SEPARAÇÃO DA FITA REMOVENDO AS PARTES DE BORRACHA. REALIZAR JATEAMENTO DA ESTRUTURA APÓS ADEQUAÇÕES. SERVIÇO A SER EXECUTADO FORA DA UNIDADE;;07/01/2026;;07/01/2026 09:10;CRISTIANO RODEGHIERO MOREIRA;
08283039/0001-75;MECANICA INDUSTRIAL VELOTANO;3225;S;99;1.995,00;01/01/2026;25/01/2026;6;92;FAC;92;FAC;1155;ENGENHARIA E MANUTENCAO;LANÇADA;Solicitação autorizada por: VANESSA CORREA DE MORAES MARTINI em: 09/01/2026 12:00:00 Nota lançada por ADRIANA APARECIDA DOS SANTOS em: 09/01/2026;CAMILA RAMOS;07/01/2026;TORNO - USINAGEM EM FLANGES PARA TUBULAÇÃO ACELERADOR VÁCUO VC999;;09/01/2026;;09/01/2026 16:09;VANESSA CORREA DE MORAES MARTINI;
08283039/0001-75;MECANICA INDUSTRIAL VELOTANO;3224;S;99;10.695,00;01/01/2026;25/01/2026;6;92;FAC;92;FAC;1155;ENGENHARIA E MANUTENCAO;LANÇADA;Solicitação autorizada por: VANESSA CORREA DE MORAES MARTINI em: 09/01/2026 12:00:00 Nota lançada por ADRIANA APARECIDA DOS SANTOS em: 09/01/2026;CAMILA RAMOS;07/01/2026;TORNO - USINAGEM ROLO DE APOIO DAS ESTEIRAS DE ALIMENTACÃO DE CAVACO DA CALDEIRA.;;09/01/2026;;09/01/2026 16:19;VANESSA CORREA DE MORAES MARTINI;
08283039/0001-75;MECANICA INDUSTRIAL VELOTANO;3221;S;99;807,5;01/01/2026;25/01/2026;6;92;FAC;92;FAC;1155;ENGENHARIA E MANUTENCAO;LANÇADA;Solicitação autorizada por: VANESSA CORREA DE MORAES MARTINI em: 09/01/2026 12:00:00 Nota lançada por ADRIANA APARECIDA DOS SANTOS em: 09/01/2026;CAMILA RAMOS;07/01/2026;TORNO - USINAGEM EM PLACA DE SELAGEM MULTIVAC CA:5345 USO(242).;;09/01/2026;;09/01/2026 16:12;VANESSA CORREA DE MORAES MARTINI;
00869496/0001-34;METALURGICA BALENA;19814;S;99;21.585,64;02/01/2026;16/02/2026;5;92;FAC;92;FAC;1155;ENGENHARIA E MANUTENCAO;LANÇADA;Solicitação autorizada por: CRISTIANO RODEGHIERO MOREIRA em: 07/01/2026 07:54:29 Nota lançada por ADRIANA APARECIDA DOS SANTOS em: 07/01/2026;CAMILA RAMOS;07/01/2026;CONSERTO DE 102 CARRETILHAS, TROCA DE GANCHOS, TROCA DE ROLDANAS E TROCA DE PINOS. GANCHOS, ROLDANAS E PINOS FORNECIDOS PELA AURORA.;;07/01/2026;;07/01/2026 09:13;CRISTIANO RODEGHIERO MOREIRA;
08283039/0001-75;MECANICA INDUSTRIAL VELOTANO;3222;S;99;2.546,00;01/01/2026;25/01/2026;6;92;FAC;92;FAC;1155;ENGENHARIA E MANUTENCAO;LANÇADA;Solicitação autorizada por: VANESSA CORREA DE MORAES MARTINI em: 09/01/2026 12:00:00 Nota lançada por ADRIANA APARECIDA DOS SANTOS em: 09/01/2026;CAMILA RAMOS;07/01/2026;TORNO - USINAGEM EM PLACA DE SELAGEM;;09/01/2026;;09/01/2026 16:16;VANESSA CORREA DE MORAES MARTINI;
13938390/0005-10;CROWN LIFT TRUCKS DO BRASIL;19925;1;55;1.054,21;06/01/2026;20/02/2026;0;92;FAC;92;FAC;1155;ENGENHARIA E MANUTENCAO;LANÇADA;Solicitação autorizada por: CRISTIANO RODEGHIERO MOREIRA em: 07/01/2026 07:54:28 Nota lançada por ADRIANA APARECIDA DOS SANTOS em: 07/01/2026;ADRIANA APARECIDA DOS SANTOS;06/01/2026;MANUTENÇÃO REALIZADA NO EQUIPAMENTO 5A629924, NA DATA 26/11/2025;;07/01/2026;;07/01/2026 14:19;CRISTIANO RODEGHIERO MOREIRA;
13938390/0005-10;CROWN LIFT TRUCKS DO BRASIL;19926;1;55;389,04;06/01/2026;20/02/2026;0;92;FAC;92;FAC;1155;ENGENHARIA E MANUTENCAO;LANÇADA;Solicitação autorizada por: CRISTIANO RODEGHIERO MOREIRA em: 07/01/2026 07:54:28 Nota lançada por ADRIANA APARECIDA DOS SANTOS em: 07/01/2026;ADRIANA APARECIDA DOS SANTOS;06/01/2026;MANUTENÇÃO REALIZADA NO EQUIPAMENTO 5A629925, NA DATA 28/11/2025;;07/01/2026;;07/01/2026 08:51;CRISTIANO RODEGHIERO MOREIRA;
13938390/0005-10;CROWN LIFT TRUCKS DO BRASIL;19927;1;55;389,04;06/01/2026;20/02/2026;0;92;FAC;92;FAC;1155;ENGENHARIA E MANUTENCAO;LANÇADA;Solicitação autorizada por: CRISTIANO RODEGHIERO MOREIRA em: 07/01/2026 07:54:28 Nota lançada por ADRIANA APARECIDA DOS SANTOS em: 07/01/2026;ADRIANA APARECIDA DOS SANTOS;06/01/2026;MANUTENÇÃO REALIZADA NO EQUIPAMENTO 5A629924, NA DATA 27/11/2025;;07/01/2026;;07/01/2026 08:54;CRISTIANO RODEGHIERO MOREIRA;
13938390/0005-10;CROWN LIFT TRUCKS DO BRASIL;19928;1;55;4.550,38;06/01/2026;20/02/2026;0;92;FAC;92;FAC;1155;ENGENHARIA E MANUTENCAO;LANÇADA;Solicitação autorizada por: CRISTIANO RODEGHIERO MOREIRA em: 07/01/2026 07:54:28 Nota lançada por ADRIANA APARECIDA DOS SANTOS em: 07/01/2026;ADRIANA APARECIDA DOS SANTOS;06/01/2026;MANUTENÇÃO REALIZADA NO EQUIPAMENTO 7A253196, NA DATA 24/11/2025 , CONFORME ORÇAMENTO 62581;;07/01/2026;;07/01/2026 14:22;CRISTIANO RODEGHIERO MOREIRA;
01341776/0011-00;MERCOSUL LINE NAVEGACAO E LOGISTICA LTDA;66753;3;57;9.347,22;28/11/2025;16/01/2026;39;92;FAC;28;U.V. RECIFE/CB.ST.AG;698;LOGISTICA SECUNDARIA A;LANÇADA;Solicitação autorizada por: MICHAEL DUARTE DA LUZ em: 07/01/2026 10:43:03 Nota lançada por ADRIANA APARECIDA DOS SANTOS em: 07/01/2026;JEVSON JOSE ALVES FEITOSA;06/01/2026;REFERENTE A CARGA  14215105 NF 041400 NF 041401;;07/01/2026;Observação do autorizador: VALIDADO;07/01/2026 14:01;MICHAEL DUARTE DA LUZ;
13938390/0005-10;CROWN LIFT TRUCKS DO BRASIL;19934;1;55;2.217,43;06/01/2026;20/02/2026;0;92;FAC;92;FAC;1155;ENGENHARIA E MANUTENCAO;LANÇADA;Solicitação autorizada por: CRISTIANO RODEGHIERO MOREIRA em: 07/01/2026 07:54:27 Nota lançada por ADRIANA APARECIDA DOS SANTOS em: 07/01/2026;ADRIANA APARECIDA DOS SANTOS;06/01/2026;MANUTENÇÃO REALIZADA NO EQUIPAMENTO 5A832507, NA DATA 12/12/2025 , CONFORME ORÇAMENTO 63340;;07/01/2026;;07/01/2026 14:15;CRISTIANO RODEGHIERO MOREIRA;
76174911/0001-05;ELETROMOTOR;8418;S;99;721;02/01/2026;30/01/2026;4;92;FAC;92;FAC;1155;ENGENHARIA E MANUTENCAO;LANÇADA;Solicitação autorizada por: CRISTIANO RODEGHIERO MOREIRA em: 07/01/2026 07:54:28 Nota lançada por ADRIANA APARECIDA DOS SANTOS em: 07/01/2026;FELIPE LOPES CANALLI;06/01/2026;MOTOR DO VENTILADOR FUMEIRO OS 95720;;07/01/2026;;07/01/2026 10:17;CRISTIANO RODEGHIERO MOREIRA;
58169490/0001-34;THDS;45;S;99;67.802,40;02/01/2026;02/02/2026;4;92;FAC;92;FAC;1155;ENGENHARIA E MANUTENCAO;LANÇADA;Solicitação autorizada por: CRISTIANO RODEGHIERO MOREIRA em: 08/01/2026 11:12:37 Nota lançada por ADRIANA APARECIDA DOS SANTOS em: 08/01/2026;FRANCILEI SOUZA ALVES;06/01/2026;REALIZAR A SUBSTITUIÇÃO DE APROXIMADAMENTE 48 METROS DE TUBULAÇÃO DE 4¿, 48 METROS DE TUBULAÇÃO DE 3¿, 48 METROS DE TUBULAÇÃO DE 2¿, 20 METROS DE TUBULAÇÃO DE 1¿, 20 METROS DE TUBULAÇÃO DE ¾¿ E 20 METROS DE TUBULAÇÃO DE ½¿ (MEDIDAS APROXIMADAS), SUBSTITUIÇÃO DE TUBULAÇÃO DE AÇO CARBONO POR TUBOS DE INOX.;;08/01/2026;;08/01/2026 13:56;CRISTIANO RODEGHIERO MOREIRA;
00428307/0012-40;EXPRESSO SAO MIGUEL S/A;192173;11;57;120;05/01/2026;26/01/2026;1;92;FAC;92;FAC;1155;ENGENHARIA E MANUTENCAO;LANÇADA;Solicitação autorizada por: VANESSA CORREA DE MORAES MARTINI em: 06/01/2026 11:59:15 Nota lançada por ADRIANA APARECIDA DOS SANTOS em: 06/01/2026;ADRIANA APARECIDA DOS SANTOS;06/01/2026;REFERENTE ENVIO DE ÁGUA PARA ANÁLISE;;06/01/2026;;06/01/2026 13:17;VANESSA CORREA DE MORAES MARTINI;
42278291/0035-73;LOG-IN - LOGISTICA INTERMODAL S/A;104373;59;57;1.827,96;18/12/2025;18/01/2026;18;92;FAC;69;U.V. FORTALEZA;1902;OPERACIONAL;LANÇADA;Solicitação autorizada por: MARIA ERIVANILDA DA SILVA MONTEIRO em: 07/01/2026 10:57:05 Nota lançada por ADRIANA APARECIDA DOS SANTOS em: 07/01/2026;JOAO VICTOR MARTINS DA SILVA;05/01/2026; CUSTO EXTRA DE ESTADIA - CONTAINER DE Nº MEDU9664997 - (NFS  39037 / 39038  - CARGA: 14076429) FRETE DA LOG-IN - CTE COMPLEMENTAR 98274 - UNID ORIGEM 92 ;;07/01/2026;;07/01/2026 13:44;MARIA ERIVANILDA DA SILVA MONTEIRO;
42278291/0035-73;LOG-IN - LOGISTICA INTERMODAL S/A;101308;59;57;9.904,61;12/11/2025;10/01/2026;54;92;FAC;69;U.V. FORTALEZA;698;LOGISTICA SECUNDARIA A;LANÇADA;Solicitação autorizada por: MARIA ERIVANILDA DA SILVA MONTEIRO em: 07/01/2026 10:57:08 Nota lançada por ADRIANA APARECIDA DOS SANTOS em: 07/01/2026;JOAO VICTOR MARTINS DA SILVA;05/01/2026;FRETE DE CABOTAGEM RECEBIDO NA UNIDADE-69 (FORTALEZA-CE) EM JANEIRO DE 2026, CONTAINER DE Nº  SZLU9312487 (NFS 40569 / 40570  CARGA: 14165641) ¿ LOGIN;;07/01/2026;;07/01/2026 14:10;MARIA ERIVANILDA DA SILVA MONTEIRO;
06985217/0001-84;MONTAGENS INDUSTRIAIS CHAPECO LTDA;858;1;55;50.000,00;19/12/2025;02/02/2026;17;92;FAC;92;FAC;1155;ENGENHARIA E MANUTENCAO;LANÇADA;Solicitação autorizada por: CRISTIANO RODEGHIERO MOREIRA em: 05/01/2026 17:09:27 Nota lançada por ADRIANA APARECIDA DOS SANTOS em: 06/01/2026;ADRIANA APARECIDA DOS SANTOS;05/01/2026;MÃO DE OBRA E MATERIAL AUXILIAR PARA INSTALAÇÃO DE UM EVAPORADOR PARA CÂMARA DE MATÉRIA PRIMA;;05/01/2026;;06/01/2026 14:53;CRISTIANO RODEGHIERO MOREIRA;
03176066/0001-25;BUSCH DO BRASIL LTDA;121468;2;55;54.626,52;08/12/2025;22/01/2026;28;92;FAC;92;FAC;2054;ADMINISTRACAO;LANÇADA;Solicitação autorizada por: VANESSA CORREA DE MORAES MARTINI em: 05/01/2026 09:24:46 Nota lançada por ADRIANA APARECIDA DOS SANTOS em: 06/01/2026;RAFAEL SALVI DOS SANTOS;05/01/2026;;;05/01/2026;;06/01/2026 08:57;VANESSA CORREA DE MORAES MARTINI;
03176066/0001-25;BUSCH DO BRASIL LTDA;121466;2;55;39.356,93;08/12/2025;22/01/2026;28;92;FAC;92;FAC;2054;ADMINISTRACAO;LANÇADA;Solicitação autorizada por: VANESSA CORREA DE MORAES MARTINI em: 05/01/2026 09:24:46 Nota lançada por ADRIANA APARECIDA DOS SANTOS em: 05/01/2026;RAFAEL SALVI DOS SANTOS;05/01/2026;;;05/01/2026;;05/01/2026 16:33;VANESSA CORREA DE MORAES MARTINI;
81659286/0001-13;VIACAO CIDADE DE CASTRO LTDA;19218;U;99;658;31/12/2025;;2;92;FAC;16;MATRIZ;452;CSC GESTAO PESSOAS;LANÇADA;Solicitação autorizada por: PAULA FERNANDA DA SILVA GIACOMELLI em: 02/01/2026 09:01:07 Nota lançada por ADRIANA APARECIDA DOS SANTOS em: 05/01/2026;GUSTAVO NATHAN ALVES DA COSTA;02/01/2026;NF PAGA VIA ADTO 4418449;;02/01/2026;;05/01/2026 09:27;PAULA FERNANDA DA SILVA GIACOMELLI;
Unidade;Abreviatura unidade;Situação;Qtde;;;;;;;;;;;;;;;;;;;;;;
Unidade;Abreviatura unidade;Situação;Qtde;;;;;;;;;;;;;;;;;;;;;;
92;FRIG. AURORA CASTRO;PENDENTE;1;;;;;;;;;;;;;;;;;;;;;;
92;FRIG. AURORA CASTRO;AUTORIZADA;6;;;;;;;;;;;;;;;;;;;;;;
92;FRIG. AURORA CASTRO;LANÇADA;47;;;;;;;;;;;;;;;;;;;;;;
92;FRIG. AURORA CASTRO;AGUARDANDO AUTORIZAÇÃO;15;;;;;;;;;;;;;;;;;;;;;;
